Transaction ID,Item ID
1,1
1,8
2,1
2,8
3,1
3,8
4,1
4,8
5,1
5,8
6,1
6,8
7,1
7,8
8,1
8,8
9,1
9,8
10,1
10,8
11,1
11,8
12,1
12,8
13,1
13,8
14,1
14,8
15,1
15,8
16,1
16,8
17,1
17,8
18,1
18,8
19,1
19,8
20,1
20,8
21,1
21,8
22,1
22,8
23,1
23,8
24,1
24,8
25,1
25,8
26,1
26,8
27,1
27,8
28,1
28,8
29,1
29,8
30,1
30,8
31,1
31,8
32,1
32,8
33,1
33,8
34,1
34,8
35,1
35,8
36,1
36,8
37,1
37,8
38,1
38,8
39,1
39,8
40,1
40,8
41,1
41,8
42,1
42,8
43,1
43,8
44,1
44,8
45,1
45,8
46,1
46,8
47,1
47,8
48,1
48,8
49,1
49,8
50,1
50,8
51,1
51,8
52,1
52,8
53,1
53,8
54,1
54,8
55,1
55,8
56,1
56,8
57,1
57,8
58,1
58,8
59,1
59,8
60,1
60,8
61,1
61,8
62,1
62,8
63,1
63,8
64,1
64,8
65,1
65,8
66,1
66,8
67,1
67,8
68,1
68,8
69,1
69,8
70,1
70,8
71,1
71,8
72,1
72,8
73,1
73,8
74,1
74,8
75,1
75,8
76,1
76,8
77,1
77,8
78,1
78,8
79,1
79,8
80,1
80,8
81,1
81,8
82,1
82,8
83,1
83,8
84,1
84,8
85,1
85,8
86,1
86,8
87,1
87,8
88,1
88,8
89,1
89,8
90,1
90,8
91,1
91,8
92,1
92,8
93,1
93,8
94,1
94,8
95,1
95,8
96,1
96,8
97,1
97,8
98,1
98,8
99,1
99,8
100,1
100,8
101,48
101,38
101,34
102,48
102,38
102,34
103,48
103,38
103,34
104,48
104,38
104,34
105,48
105,38
105,34
106,48
106,38
106,34
107,48
107,38
107,34
108,48
108,38
108,34
109,48
109,38
109,34
110,48
110,38
110,34
111,48
111,38
111,34
112,48
112,38
112,34
113,48
113,38
113,34
114,48
114,38
114,34
115,48
115,38
115,34
116,48
116,38
116,34
117,48
117,38
117,34
118,48
118,38
118,34
119,48
119,38
119,34
120,48
120,38
120,34
121,48
121,38
121,34
122,48
122,38
122,34
123,48
123,38
123,34
124,48
124,38
124,34
125,48
125,38
125,34
126,48
126,38
126,34
127,48
127,38
127,34
128,48
128,38
128,34
129,48
129,38
129,34
130,48
130,38
130,34
131,48
131,38
131,34
132,48
132,38
132,34
133,48
133,38
133,34
134,48
134,38
134,34
135,48
135,38
135,34
136,48
136,38
136,34
137,48
137,38
137,34
138,48
138,38
138,34
139,48
139,38
139,34
140,48
140,38
140,34
141,48
141,38
141,34
142,48
142,38
142,34
143,48
143,38
143,34
144,48
144,38
144,34
145,48
145,38
145,34
146,48
146,38
146,34
147,48
147,38
147,34
148,48
148,38
148,34
149,48
149,38
149,34
150,48
150,38
150,34
151,48
151,38
151,34
152,48
152,38
152,34
153,48
153,38
153,34
154,48
154,38
154,34
155,48
155,38
155,34
156,48
156,38
156,34
157,48
157,38
157,34
158,48
158,38
158,34
159,48
159,38
159,34
160,48
160,38
160,34
161,48
161,38
161,34
162,48
162,38
162,34
163,48
163,38
163,34
164,48
164,38
164,34
165,48
165,38
165,34
166,48
166,38
166,34
167,48
167,38
167,34
168,48
168,38
168,34
169,48
169,38
169,34
170,48
170,38
170,34
171,48
171,38
171,34
172,48
172,38
172,34
173,48
173,38
173,34
174,48
174,38
174,34
175,48
175,38
175,34
176,48
176,38
176,34
177,48
177,38
177,34
178,48
178,38
178,34
179,48
179,38
179,34
180,48
180,38
180,34
181,48
181,38
181,34
182,48
182,38
182,34
183,48
183,38
183,34
184,48
184,38
184,34
185,48
185,38
185,34
186,48
186,38
186,34
187,48
187,38
187,34
188,48
188,38
188,34
189,48
189,38
189,34
190,48
190,38
190,34
191,48
191,38
191,34
192,48
192,38
192,34
193,48
193,38
193,34
194,48
194,38
194,34
195,48
195,38
195,34
196,48
196,38
196,34
197,48
197,38
197,34
198,48
198,38
198,34
199,48
199,38
199,34
200,48
200,38
200,34
201,48
201,38
201,34
202,48
202,38
202,34
203,48
203,38
203,34
204,48
204,38
204,34
205,48
205,38
205,34
206,48
206,38
206,34
207,48
207,38
207,34
208,48
208,38
208,34
209,48
209,38
209,34
210,48
210,38
210,34
211,48
211,38
211,34
212,48
212,38
212,34
213,48
213,38
213,34
214,48
214,38
214,34
215,48
215,38
215,34
216,48
216,38
216,34
217,48
217,38
217,34
218,48
218,38
218,34
219,48
219,38
219,34
220,48
220,38
220,34
221,48
221,38
221,34
222,48
222,38
222,34
223,48
223,38
223,34
224,48
224,38
224,34
225,48
225,38
225,34
226,48
226,38
226,34
227,48
227,38
227,34
228,48
228,38
228,34
229,48
229,38
229,34
230,48
230,38
230,34
231,48
231,38
231,34
232,48
232,38
232,34
233,48
233,38
233,34
234,48
234,38
234,34
235,48
235,38
235,34
236,48
236,38
236,34
237,48
237,38
237,34
238,48
238,38
238,34
239,48
239,38
239,34
240,48
240,38
240,34
241,48
241,38
241,34
242,48
242,38
242,34
243,48
243,38
243,34
244,48
244,38
244,34
245,48
245,38
245,34
246,48
246,38
246,34
247,48
247,38
247,34
248,48
248,38
248,34
249,48
249,38
249,34
250,48
250,38
250,34
251,48
251,38
251,34
252,48
252,38
252,34
253,48
253,38
253,34
254,48
254,38
254,34
255,48
255,38
255,34
256,48
256,38
256,34
257,48
257,38
257,34
258,48
258,38
258,34
259,48
259,38
259,34
260,48
260,38
260,34
261,48
261,38
261,34
262,48
262,38
262,34
263,48
263,38
263,34
264,48
264,38
264,34
265,48
265,38
265,34
266,48
266,38
266,34
267,48
267,38
267,34
268,48
268,38
268,34
269,48
269,38
269,34
270,48
270,38
270,34
271,48
271,38
271,34
272,48
272,38
272,34
273,48
273,38
273,34
274,48
274,38
274,34
275,48
275,38
275,34
276,48
276,38
276,34
277,48
277,38
277,34
278,48
278,38
278,34
279,48
279,38
279,34
280,48
280,38
280,34
281,48
281,38
281,34
282,48
282,38
282,34
283,48
283,38
283,34
284,48
284,38
284,34
285,48
285,38
285,34
286,48
286,38
286,34
287,48
287,38
287,34
288,48
288,38
288,34
289,48
289,38
289,34
290,48
290,38
290,34
291,48
291,38
291,34
292,48
292,38
292,34
293,48
293,38
293,34
294,48
294,38
294,34
295,48
295,38
295,34
296,48
296,38
296,34
297,48
297,38
297,34
298,48
298,38
298,34
299,48
299,38
299,34
300,48
300,38
300,34
301,48
301,38
301,34
302,48
302,38
302,34
303,48
303,38
303,34
304,48
304,38
304,34
305,48
305,38
305,34
306,48
306,38
306,34
307,48
307,38
307,34
308,48
308,38
308,34
309,48
309,38
309,34
310,48
310,38
310,34
311,48
311,38
311,34
312,48
312,38
312,34
313,48
313,38
313,34
314,48
314,38
314,34
315,48
315,38
315,34
316,48
316,38
316,34
317,48
317,38
317,34
318,48
318,38
318,34
319,48
319,38
319,34
320,48
320,38
320,34
321,48
321,38
321,34
322,48
322,38
322,34
323,48
323,38
323,34
324,48
324,38
324,34
325,48
325,38
325,34
326,48
326,38
326,34
327,48
327,38
327,34
328,48
328,38
328,34
329,48
329,38
329,34
330,48
330,38
330,34
331,48
331,38
331,34
332,48
332,38
332,34
333,48
333,38
333,34
334,48
334,38
334,34
335,48
335,38
335,34
336,48
336,38
336,34
337,48
337,38
337,34
338,48
338,38
338,34
339,48
339,38
339,34
340,48
340,38
340,34
341,48
341,38
341,34
342,48
342,38
342,34
343,48
343,38
343,34
344,48
344,38
344,34
345,48
345,38
345,34
346,48
346,38
346,34
347,48
347,38
347,34
348,48
348,38
348,34
349,48
349,38
349,34
350,48
350,38
350,34
351,48
351,38
351,34
352,48
352,38
352,34
353,48
353,38
353,34
354,48
354,38
354,34
355,48
355,38
355,34
356,48
356,38
356,34
357,48
357,38
357,34
358,48
358,38
358,34
359,48
359,38
359,34
360,48
360,38
360,34
361,48
361,38
361,34
362,48
362,38
362,34
363,48
363,38
363,34
364,48
364,38
364,34
365,48
365,38
365,34
366,48
366,38
366,34
367,48
367,38
367,34
368,48
368,38
368,34
369,48
369,38
369,34
370,48
370,38
370,34
371,48
371,38
371,34
372,48
372,38
372,34
373,48
373,38
373,34
374,48
374,38
374,34
375,48
375,38
375,34
376,48
376,38
376,34
377,48
377,38
377,34
378,48
378,38
378,34
379,48
379,38
379,34
380,48
380,38
380,34
381,48
381,38
381,34
382,48
382,38
382,34
383,48
383,38
383,34
384,48
384,38
384,34
385,48
385,38
385,34
386,48
386,38
386,34
387,48
387,38
387,34
388,48
388,38
388,34
389,48
389,38
389,34
390,48
390,38
390,34
391,48
391,38
391,34
392,48
392,38
392,34
393,48
393,38
393,34
394,48
394,38
394,34
395,48
395,38
395,34
396,48
396,38
396,34
397,48
397,38
397,34
398,48
398,38
398,34
399,48
399,38
399,34
400,48
400,38
400,34
401,48
401,38
401,34
402,48
402,38
402,34
403,48
403,38
403,34
404,48
404,38
404,34
405,48
405,38
405,34
406,48
406,38
406,34
407,48
407,38
407,34
408,48
408,38
408,34
409,48
409,38
409,34
410,48
410,38
410,34
411,48
411,38
411,34
412,48
412,38
412,34
413,48
413,38
413,34
414,48
414,38
414,34
415,48
415,38
415,34
416,48
416,38
416,34
417,48
417,38
417,34
418,48
418,38
418,34
419,48
419,38
419,34
420,48
420,38
420,34
421,48
421,38
421,34
422,48
422,38
422,34
423,48
423,38
423,34
424,48
424,38
424,34
425,48
425,38
425,34
426,48
426,38
426,34
427,48
427,38
427,34
428,48
428,38
428,34
429,48
429,38
429,34
430,48
430,38
430,34
431,48
431,38
431,34
432,48
432,38
432,34
433,48
433,38
433,34
434,48
434,38
434,34
435,48
435,38
435,34
436,48
436,38
436,34
437,48
437,38
437,34
438,48
438,38
438,34
439,48
439,38
439,34
440,48
440,38
440,34
441,48
441,38
441,34
442,48
442,38
442,34
443,48
443,38
443,34
444,48
444,38
444,34
445,48
445,38
445,34
446,48
446,38
446,34
447,48
447,38
447,34
448,48
448,38
448,34
449,48
449,38
449,34
450,48
450,38
450,34
451,48
451,38
451,34
452,48
452,38
452,34
453,48
453,38
453,34
454,48
454,38
454,34
455,48
455,38
455,34
456,48
456,38
456,34
457,48
457,38
457,34
458,48
458,38
458,34
459,48
459,38
459,34
460,48
460,38
460,34
461,48
461,38
461,34
462,48
462,38
462,34
463,48
463,38
463,34
464,48
464,38
464,34
465,48
465,38
465,34
466,48
466,38
466,34
467,48
467,38
467,34
468,48
468,38
468,34
469,48
469,38
469,34
470,48
470,38
470,34
471,48
471,38
471,34
472,48
472,38
472,34
473,48
473,38
473,34
474,48
474,38
474,34
475,48
475,38
475,34
476,48
476,38
476,34
477,48
477,38
477,34
478,48
478,38
478,34
479,48
479,38
479,34
480,48
480,38
480,34
481,48
481,38
481,34
482,48
482,38
482,34
483,48
483,38
483,34
484,48
484,38
484,34
485,48
485,38
485,34
486,48
486,38
486,34
487,48
487,38
487,34
488,48
488,38
488,34
489,48
489,38
489,34
490,48
490,38
490,34
491,48
491,38
491,34
492,48
492,38
492,34
493,48
493,38
493,34
494,48
494,38
494,34
495,48
495,38
495,34
496,48
496,38
496,34
497,48
497,38
497,34
498,48
498,38
498,34
499,48
499,38
499,34
500,48
500,38
500,34
501,48
501,38
501,34
502,48
502,38
502,34
503,48
503,38
503,34
504,48
504,38
504,34
505,48
505,38
505,34
506,48
506,38
506,34
507,48
507,38
507,34
508,48
508,38
508,34
509,48
509,38
509,34
510,48
510,38
510,34
511,48
511,38
511,34
512,48
512,38
512,34
513,48
513,38
513,34
514,48
514,38
514,34
515,48
515,38
515,34
516,48
516,38
516,34
517,48
517,38
517,34
518,48
518,38
518,34
519,48
519,38
519,34
520,48
520,38
520,34
521,48
521,38
521,34
522,48
522,38
522,34
523,48
523,38
523,34
524,48
524,38
524,34
525,48
525,38
525,34
526,48
526,38
526,34
527,48
527,38
527,34
528,48
528,38
528,34
529,48
529,38
529,34
530,48
530,38
530,34
531,48
531,38
531,34
532,48
532,38
532,34
533,48
533,38
533,34
534,48
534,38
534,34
535,48
535,38
535,34
536,48
536,38
536,34
537,48
537,38
537,34
538,48
538,38
538,34
539,48
539,38
539,34
540,48
540,38
540,34
541,48
541,38
541,34
542,48
542,38
542,34
543,48
543,38
543,34
544,48
544,38
544,34
545,48
545,38
545,34
546,48
546,38
546,34
547,48
547,38
547,34
548,48
548,38
548,34
549,48
549,38
549,34
550,48
550,38
550,34
551,48
551,38
551,34
552,48
552,38
552,34
553,48
553,38
553,34
554,48
554,38
554,34
555,48
555,38
555,34
556,48
556,38
556,34
557,48
557,38
557,34
558,48
558,38
558,34
559,48
559,38
559,34
560,48
560,38
560,34
561,48
561,38
561,34
562,48
562,38
562,34
563,48
563,38
563,34
564,48
564,38
564,34
565,48
565,38
565,34
566,48
566,38
566,34
567,48
567,38
567,34
568,48
568,38
568,34
569,48
569,38
569,34
570,48
570,38
570,34
571,48
571,38
571,34
572,48
572,38
572,34
573,48
573,38
573,34
574,48
574,38
574,34
575,48
575,38
575,34
576,48
576,38
576,34
577,48
577,38
577,34
578,48
578,38
578,34
579,48
579,38
579,34
580,48
580,38
580,34
581,48
581,38
581,34
582,48
582,38
582,34
583,48
583,38
583,34
584,48
584,38
584,34
585,48
585,38
585,34
586,48
586,38
586,34
587,48
587,38
587,34
588,48
588,38
588,34
589,48
589,38
589,34
590,48
590,38
590,34
591,48
591,38
591,34
592,48
592,38
592,34
593,48
593,38
593,34
594,48
594,38
594,34
595,48
595,38
595,34
596,48
596,38
596,34
597,48
597,38
597,34
598,48
598,38
598,34
599,48
599,38
599,34
600,48
600,38
600,34
601,48
601,26
601,5
602,48
602,26
602,5
603,48
603,26
603,5
604,48
604,26
604,5
605,48
605,26
605,5
606,48
606,26
606,5
607,48
607,26
607,5
608,48
608,26
608,5
609,48
609,26
609,5
610,48
610,26
610,5
611,48
611,26
611,5
612,48
612,26
612,5
613,48
613,26
613,5
614,48
614,26
614,5
615,48
615,26
615,5
616,48
616,26
616,5
617,48
617,26
617,5
618,48
618,26
618,5
619,48
619,26
619,5
620,48
620,26
620,5
621,48
621,26
621,5
622,48
622,26
622,5
623,48
623,26
623,5
624,48
624,26
624,5
625,48
625,26
625,5
626,48
626,26
626,5
627,48
627,26
627,5
628,48
628,26
628,5
629,48
629,26
629,5
630,48
630,26
630,5
631,48
631,26
631,5
632,48
632,26
632,5
633,48
633,26
633,5
634,48
634,26
634,5
635,48
635,26
635,5
636,48
636,26
636,5
637,48
637,26
637,5
638,48
638,26
638,5
639,48
639,26
639,5
640,48
640,26
640,5
641,48
641,26
641,5
642,48
642,26
642,5
643,48
643,26
643,5
644,48
644,26
644,5
645,48
645,26
645,5
646,48
646,26
646,5
647,48
647,26
647,5
648,48
648,26
648,5
649,48
649,26
649,5
650,48
650,26
650,5
651,48
651,26
651,5
652,48
652,26
652,5
653,48
653,26
653,5
654,48
654,26
654,5
655,48
655,26
655,5
656,48
656,26
656,5
657,48
657,26
657,5
658,48
658,26
658,5
659,48
659,26
659,5
660,48
660,26
660,5
661,48
661,26
661,5
662,48
662,26
662,5
663,48
663,26
663,5
664,48
664,26
664,5
665,48
665,26
665,5
666,48
666,26
666,5
667,48
667,26
667,5
668,48
668,26
668,5
669,48
669,26
669,5
670,48
670,26
670,5
671,48
671,26
671,5
672,48
672,26
672,5
673,48
673,26
673,5
674,48
674,26
674,5
675,48
675,26
675,5
676,48
676,26
676,5
677,48
677,26
677,5
678,48
678,26
678,5
679,48
679,26
679,5
680,48
680,26
680,5
681,48
681,26
681,5
682,48
682,26
682,5
683,48
683,26
683,5
684,48
684,26
684,5
685,48
685,26
685,5
686,48
686,26
686,5
687,48
687,26
687,5
688,48
688,26
688,5
689,48
689,26
689,5
690,48
690,26
690,5
691,48
691,26
691,5
692,48
692,26
692,5
693,48
693,26
693,5
694,48
694,26
694,5
695,48
695,26
695,5
696,48
696,26
696,5
697,48
697,26
697,5
698,48
698,26
698,5
699,48
699,26
699,5
700,48
700,26
700,5
701,48
701,26
701,5
702,48
702,26
702,5
703,48
703,26
703,5
704,48
704,26
704,5
705,48
705,26
705,5
706,48
706,26
706,5
707,48
707,26
707,5
708,48
708,26
708,5
709,48
709,26
709,5
710,48
710,26
710,5
711,48
711,26
711,5
712,48
712,26
712,5
713,48
713,26
713,5
714,48
714,26
714,5
715,48
715,26
715,5
716,48
716,26
716,5
717,48
717,26
717,5
718,48
718,26
718,5
719,48
719,26
719,5
720,48
720,26
720,5
721,48
721,26
721,5
722,48
722,26
722,5
723,48
723,26
723,5
724,48
724,26
724,5
725,48
725,26
725,5
726,48
726,26
726,5
727,48
727,26
727,5
728,48
728,26
728,5
729,48
729,26
729,5
730,48
730,26
730,5
731,48
731,26
731,5
732,48
732,26
732,5
733,48
733,26
733,5
734,48
734,26
734,5
735,48
735,26
735,5
736,48
736,26
736,5
737,48
737,26
737,5
738,48
738,26
738,5
739,48
739,26
739,5
740,48
740,26
740,5
741,48
741,26
741,5
742,48
742,26
742,5
743,48
743,26
743,5
744,48
744,26
744,5
745,48
745,26
745,5
746,48
746,26
746,5
747,48
747,26
747,5
748,48
748,26
748,5
749,48
749,26
749,5
750,48
750,26
750,5
751,48
751,26
751,5
752,48
752,26
752,5
753,48
753,26
753,5
754,48
754,26
754,5
755,48
755,26
755,5
756,48
756,26
756,5
757,48
757,26
757,5
758,48
758,26
758,5
759,48
759,26
759,5
760,48
760,26
760,5
761,48
761,26
761,5
762,48
762,26
762,5
763,48
763,26
763,5
764,48
764,26
764,5
765,48
765,26
765,5
766,48
766,26
766,5
767,48
767,26
767,5
768,48
768,26
768,5
769,48
769,26
769,5
770,48
770,26
770,5
771,48
771,26
771,5
772,48
772,26
772,5
773,48
773,26
773,5
774,48
774,26
774,5
775,48
775,26
775,5
776,48
776,26
776,5
777,48
777,26
777,5
778,48
778,26
778,5
779,48
779,26
779,5
780,48
780,26
780,5
781,48
781,26
781,5
782,48
782,26
782,5
783,48
783,26
783,5
784,48
784,26
784,5
785,48
785,26
785,5
786,48
786,26
786,5
787,48
787,26
787,5
788,48
788,26
788,5
789,48
789,26
789,5
790,48
790,26
790,5
791,48
791,26
791,5
792,48
792,26
792,5
793,48
793,26
793,5
794,48
794,26
794,5
795,48
795,26
795,5
796,48
796,26
796,5
797,48
797,26
797,5
798,48
798,26
798,5
799,48
799,26
799,5
800,48
800,26
800,5
801,48
801,26
801,5
802,48
802,26
802,5
803,48
803,26
803,5
804,48
804,26
804,5
805,48
805,26
805,5
806,48
806,26
806,5
807,48
807,26
807,5
808,48
808,26
808,5
809,48
809,26
809,5
810,48
810,26
810,5
811,48
811,26
811,5
812,48
812,26
812,5
813,48
813,26
813,5
814,48
814,26
814,5
815,48
815,26
815,5
816,48
816,26
816,5
817,48
817,26
817,5
818,48
818,26
818,5
819,48
819,26
819,5
820,48
820,26
820,5
821,48
821,26
821,5
822,48
822,26
822,5
823,48
823,26
823,5
824,48
824,26
824,5
825,48
825,26
825,5
826,48
826,26
826,5
827,48
827,26
827,5
828,48
828,26
828,5
829,48
829,26
829,5
830,48
830,26
830,5
831,48
831,26
831,5
832,48
832,26
832,5
833,48
833,26
833,5
834,48
834,26
834,5
835,48
835,26
835,5
836,48
836,26
836,5
837,48
837,26
837,5
838,48
838,26
838,5
839,48
839,26
839,5
840,48
840,26
840,5
841,48
841,26
841,5
842,48
842,26
842,5
843,48
843,26
843,5
844,48
844,26
844,5
845,48
845,26
845,5
846,48
846,26
846,5
847,48
847,26
847,5
848,48
848,26
848,5
849,48
849,26
849,5
850,48
850,26
850,5
851,48
851,26
851,5
852,48
852,26
852,5
853,48
853,26
853,5
854,48
854,26
854,5
855,48
855,26
855,5
856,48
856,26
856,5
857,48
857,26
857,5
858,48
858,26
858,5
859,48
859,26
859,5
860,48
860,26
860,5
861,48
861,26
861,5
862,48
862,26
862,5
863,48
863,26
863,5
864,48
864,26
864,5
865,48
865,26
865,5
866,48
866,26
866,5
867,48
867,26
867,5
868,48
868,26
868,5
869,48
869,26
869,5
870,48
870,26
870,5
871,48
871,26
871,5
872,48
872,26
872,5
873,48
873,26
873,5
874,48
874,26
874,5
875,48
875,26
875,5
876,48
876,26
876,5
877,48
877,26
877,5
878,48
878,26
878,5
879,48
879,26
879,5
880,48
880,26
880,5
881,48
881,26
881,5
882,48
882,26
882,5
883,48
883,26
883,5
884,48
884,26
884,5
885,48
885,26
885,5
886,48
886,26
886,5
887,48
887,26
887,5
888,48
888,26
888,5
889,48
889,26
889,5
890,48
890,26
890,5
891,48
891,26
891,5
892,48
892,26
892,5
893,48
893,26
893,5
894,48
894,26
894,5
895,48
895,26
895,5
896,48
896,26
896,5
897,48
897,26
897,5
898,48
898,26
898,5
899,48
899,26
899,5
900,48
900,26
900,5
901,7
901,24
902,7
902,24
903,7
903,24
904,7
904,24
905,7
905,24
906,7
906,24
907,7
907,24
908,7
908,24
909,7
909,24
910,7
910,24
911,7
911,24
912,7
912,24
913,7
913,24
914,7
914,24
915,7
915,24
916,7
916,24
917,7
917,24
918,7
918,24
919,7
919,24
920,7
920,24
921,7
921,24
922,7
922,24
923,7
923,24
924,7
924,24
925,7
925,24
926,7
926,24
927,7
927,24
928,7
928,24
929,7
929,24
930,7
930,24
931,7
931,24
932,7
932,24
933,7
933,24
934,7
934,24
935,7
935,24
936,7
936,24
937,7
937,24
938,7
938,24
939,7
939,24
940,7
940,24
941,7
941,24
942,7
942,24
943,7
943,24
944,7
944,24
945,7
945,24
946,7
946,24
947,7
947,24
948,7
948,24
949,7
949,24
950,7
950,24
951,7
951,24
952,7
952,24
953,7
953,24
954,7
954,24
955,7
955,24
956,7
956,24
957,7
957,24
958,7
958,24
959,7
959,24
960,7
960,24
961,7
961,24
962,7
962,24
963,7
963,24
964,7
964,24
965,7
965,24
966,7
966,24
967,7
967,24
968,7
968,24
969,7
969,24
970,7
970,24
971,7
971,24
972,7
972,24
973,7
973,24
974,7
974,24
975,7
975,24
976,7
976,24
977,7
977,24
978,7
978,24
979,7
979,24
980,7
980,24
981,7
981,24
982,7
982,24
983,7
983,24
984,7
984,24
985,7
985,24
986,7
986,24
987,7
987,24
988,7
988,24
989,7
989,24
990,7
990,24
991,7
991,24
992,7
992,24
993,7
993,24
994,7
994,24
995,7
995,24
996,7
996,24
997,7
997,24
998,7
998,24
999,7
999,24
1000,7
1000,24
1001,7
1001,24
1002,7
1002,24
1003,7
1003,24
1004,7
1004,24
1005,7
1005,24
1006,7
1006,24
1007,7
1007,24
1008,7
1008,24
1009,7
1009,24
1010,7
1010,24
1011,7
1011,24
1012,7
1012,24
1013,7
1013,24
1014,7
1014,24
1015,7
1015,24
1016,7
1016,24
1017,7
1017,24
1018,7
1018,24
1019,7
1019,24
1020,7
1020,24
1021,7
1021,24
1022,7
1022,24
1023,7
1023,24
1024,7
1024,24
1025,7
1025,24
1026,7
1026,24
1027,7
1027,24
1028,7
1028,24
1029,7
1029,24
1030,7
1030,24
1031,7
1031,24
1032,7
1032,24
1033,7
1033,24
1034,7
1034,24
1035,7
1035,24
1036,7
1036,24
1037,7
1037,24
1038,7
1038,24
1039,7
1039,24
1040,7
1040,24
1041,7
1041,24
1042,7
1042,24
1043,7
1043,24
1044,7
1044,24
1045,7
1045,24
1046,7
1046,24
1047,7
1047,24
1048,7
1048,24
1049,7
1049,24
1050,7
1050,24
1051,7
1051,24
1052,7
1052,24
1053,7
1053,24
1054,7
1054,24
1055,7
1055,24
1056,7
1056,24
1057,7
1057,24
1058,7
1058,24
1059,7
1059,24
1060,7
1060,24
1061,7
1061,24
1062,7
1062,24
1063,7
1063,24
1064,7
1064,24
1065,7
1065,24
1066,7
1066,24
1067,7
1067,24
1068,7
1068,24
1069,7
1069,24
1070,7
1070,24
1071,7
1071,24
1072,7
1072,24
1073,7
1073,24
1074,7
1074,24
1075,7
1075,24
1076,7
1076,24
1077,7
1077,24
1078,7
1078,24
1079,7
1079,24
1080,7
1080,24
1081,7
1081,24
1082,7
1082,24
1083,7
1083,24
1084,7
1084,24
1085,7
1085,24
1086,7
1086,24
1087,7
1087,24
1088,7
1088,24
1089,7
1089,24
1090,7
1090,24
1091,7
1091,24
1092,7
1092,24
1093,7
1093,24
1094,7
1094,24
1095,7
1095,24
1096,7
1096,24
1097,7
1097,24
1098,7
1098,24
1099,7
1099,24
1100,7
1100,24
1101,7
1101,24
1101,36
1102,7
1102,24
1102,36
1103,7
1103,24
1103,36
1104,7
1104,24
1104,36
1105,7
1105,24
1105,36
1106,7
1106,24
1106,36
1107,7
1107,24
1107,36
1108,7
1108,24
1108,36
1109,7
1109,24
1109,36
1110,7
1110,24
1110,36
1111,7
1111,24
1111,36
1112,7
1112,24
1112,36
1113,7
1113,24
1113,36
1114,7
1114,24
1114,36
1115,7
1115,24
1115,36
1116,7
1116,24
1116,36
1117,7
1117,24
1117,36
1118,7
1118,24
1118,36
1119,7
1119,24
1119,36
1120,7
1120,24
1120,36
1121,7
1121,24
1121,36
1122,7
1122,24
1122,36
1123,7
1123,24
1123,36
1124,7
1124,24
1124,36
1125,7
1125,24
1125,36
1126,7
1126,24
1126,36
1127,7
1127,24
1127,36
1128,7
1128,24
1128,36
1129,7
1129,24
1129,36
1130,7
1130,24
1130,36
1131,7
1131,24
1131,36
1132,7
1132,24
1132,36
1133,7
1133,24
1133,36
1134,7
1134,24
1134,36
1135,7
1135,24
1135,36
1136,7
1136,24
1136,36
1137,7
1137,24
1137,36
1138,7
1138,24
1138,36
1139,7
1139,24
1139,36
1140,7
1140,24
1140,36
1141,7
1141,24
1141,36
1142,7
1142,24
1142,36
1143,7
1143,24
1143,36
1144,7
1144,24
1144,36
1145,7
1145,24
1145,36
1146,7
1146,24
1146,36
1147,7
1147,24
1147,36
1148,7
1148,24
1148,36
1149,7
1149,24
1149,36
1150,7
1150,24
1150,36
1151,7
1151,24
1151,36
1152,7
1152,24
1152,36
1153,7
1153,24
1153,36
1154,7
1154,24
1154,36
1155,7
1155,24
1155,36
1156,7
1156,24
1156,36
1157,7
1157,24
1157,36
1158,7
1158,24
1158,36
1159,7
1159,24
1159,36
1160,7
1160,24
1160,36
1161,7
1161,24
1161,36
1162,7
1162,24
1162,36
1163,7
1163,24
1163,36
1164,7
1164,24
1164,36
1165,7
1165,24
1165,36
1166,7
1166,24
1166,36
1167,7
1167,24
1167,36
1168,7
1168,24
1168,36
1169,7
1169,24
1169,36
1170,7
1170,24
1170,36
1171,7
1171,24
1171,36
1172,7
1172,24
1172,36
1173,7
1173,24
1173,36
1174,7
1174,24
1174,36
1175,7
1175,24
1175,36
1176,7
1176,24
1176,36
1177,7
1177,24
1177,36
1178,7
1178,24
1178,36
1179,7
1179,24
1179,36
1180,7
1180,24
1180,36
1181,7
1181,24
1181,36
1182,7
1182,24
1182,36
1183,7
1183,24
1183,36
1184,7
1184,24
1184,36
1185,7
1185,24
1185,36
1186,7
1186,24
1186,36
1187,7
1187,24
1187,36
1188,7
1188,24
1188,36
1189,7
1189,24
1189,36
1190,7
1190,24
1190,36
1191,7
1191,24
1191,36
1192,7
1192,24
1192,36
1193,7
1193,24
1193,36
1194,7
1194,24
1194,36
1195,7
1195,24
1195,36
1196,7
1196,24
1196,36
1197,7
1197,24
1197,36
1198,7
1198,24
1198,36
1199,7
1199,24
1199,36
1200,7
1200,24
1200,36
1201,7
1201,24
1201,36
1202,7
1202,24
1202,36
1203,7
1203,24
1203,36
1204,7
1204,24
1204,36
1205,7
1205,24
1205,36
1206,7
1206,24
1206,36
1207,7
1207,24
1207,36
1208,7
1208,24
1208,36
1209,7
1209,24
1209,36
1210,7
1210,24
1210,36
1211,7
1211,24
1211,36
1212,7
1212,24
1212,36
1213,7
1213,24
1213,36
1214,7
1214,24
1214,36
1215,7
1215,24
1215,36
1216,7
1216,24
1216,36
1217,7
1217,24
1217,36
1218,7
1218,24
1218,36
1219,7
1219,24
1219,36
1220,7
1220,24
1220,36
1221,7
1221,24
1221,36
1222,7
1222,24
1222,36
1223,7
1223,24
1223,36
1224,7
1224,24
1224,36
1225,7
1225,24
1225,36
1226,7
1226,24
1226,36
1227,7
1227,24
1227,36
1228,7
1228,24
1228,36
1229,7
1229,24
1229,36
1230,7
1230,24
1230,36
1231,7
1231,24
1231,36
1232,7
1232,24
1232,36
1233,7
1233,24
1233,36
1234,7
1234,24
1234,36
1235,7
1235,24
1235,36
1236,7
1236,24
1236,36
1237,7
1237,24
1237,36
1238,7
1238,24
1238,36
1239,7
1239,24
1239,36
1240,7
1240,24
1240,36
1241,7
1241,24
1241,36
1242,7
1242,24
1242,36
1243,7
1243,24
1243,36
1244,7
1244,24
1244,36
1245,7
1245,24
1245,36
1246,7
1246,24
1246,36
1247,7
1247,24
1247,36
1248,7
1248,24
1248,36
1249,7
1249,24
1249,36
1250,7
1250,24
1250,36
1251,10
1251,28
1252,10
1252,28
1253,10
1253,28
1254,10
1254,28
1255,10
1255,28
1256,10
1256,28
1257,10
1257,28
1258,10
1258,28
1259,10
1259,28
1260,10
1260,28
1261,10
1261,28
1262,10
1262,28
1263,10
1263,28
1264,10
1264,28
1265,10
1265,28
1266,10
1266,28
1267,10
1267,28
1268,10
1268,28
1269,10
1269,28
1270,10
1270,28
1271,10
1271,28
1272,10
1272,28
1273,10
1273,28
1274,10
1274,28
1275,10
1275,28
1276,10
1276,28
1277,10
1277,28
1278,10
1278,28
1279,10
1279,28
1280,10
1280,28
1281,10
1281,28
1282,10
1282,28
1283,10
1283,28
1284,10
1284,28
1285,10
1285,28
1286,10
1286,28
1287,10
1287,28
1288,10
1288,28
1289,10
1289,28
1290,10
1290,28
1291,10
1291,28
1292,10
1292,28
1293,10
1293,28
1294,10
1294,28
1295,10
1295,28
1296,10
1296,28
1297,10
1297,28
1298,10
1298,28
1299,10
1299,28
1300,10
1300,28
1301,10
1301,28
1302,10
1302,28
1303,10
1303,28
1304,10
1304,28
1305,10
1305,28
1306,10
1306,28
1307,10
1307,28
1308,10
1308,28
1309,10
1309,28
1310,10
1310,28
1311,10
1311,28
1312,10
1312,28
1313,10
1313,28
1314,10
1314,28
1315,10
1315,28
1316,10
1316,28
1317,10
1317,28
1318,10
1318,28
1319,10
1319,28
1320,10
1320,28
1321,10
1321,28
1322,10
1322,28
1323,10
1323,28
1324,10
1324,28
1325,10
1325,28
1326,10
1326,28
1327,10
1327,28
1328,10
1328,28
1329,10
1329,28
1330,10
1330,28
1331,10
1331,28
1332,10
1332,28
1333,10
1333,28
1334,10
1334,28
1335,10
1335,28
1336,10
1336,28
1337,10
1337,28
1338,10
1338,28
1339,10
1339,28
1340,10
1340,28
1341,10
1341,28
1342,10
1342,28
1343,10
1343,28
1344,10
1344,28
1345,10
1345,28
1346,10
1346,28
1347,10
1347,28
1348,10
1348,28
1349,10
1349,28
1350,10
1350,28
1351,34
1351,40
1351,42
1352,34
1352,40
1352,42
1353,34
1353,40
1353,42
1354,34
1354,40
1354,42
1355,34
1355,40
1355,42
1356,34
1356,40
1356,42
1357,34
1357,40
1357,42
1358,34
1358,40
1358,42
1359,34
1359,40
1359,42
1360,34
1360,40
1360,42
1361,34
1361,40
1361,42
1362,34
1362,40
1362,42
1363,34
1363,40
1363,42
1364,34
1364,40
1364,42
1365,34
1365,40
1365,42
1366,34
1366,40
1366,42
1367,34
1367,40
1367,42
1368,34
1368,40
1368,42
1369,34
1369,40
1369,42
1370,34
1370,40
1370,42
1371,34
1371,40
1371,42
1372,34
1372,40
1372,42
1373,34
1373,40
1373,42
1374,34
1374,40
1374,42
1375,34
1375,40
1375,42
1376,34
1376,40
1376,42
1377,34
1377,40
1377,42
1378,34
1378,40
1378,42
1379,34
1379,40
1379,42
1380,34
1380,40
1380,42
1381,34
1381,40
1381,42
1382,34
1382,40
1382,42
1383,34
1383,40
1383,42
1384,34
1384,40
1384,42
1385,34
1385,40
1385,42
1386,34
1386,40
1386,42
1387,34
1387,40
1387,42
1388,34
1388,40
1388,42
1389,34
1389,40
1389,42
1390,34
1390,40
1390,42
1391,34
1391,40
1391,42
1392,34
1392,40
1392,42
1393,34
1393,40
1393,42
1394,34
1394,40
1394,42
1395,34
1395,40
1395,42
1396,34
1396,40
1396,42
1397,34
1397,40
1397,42
1398,34
1398,40
1398,42
1399,34
1399,40
1399,42
1400,34
1400,40
1400,42
1401,34
1401,40
1401,42
1402,34
1402,40
1402,42
1403,34
1403,40
1403,42
1404,34
1404,40
1404,42
1405,34
1405,40
1405,42
1406,34
1406,40
1406,42
1407,34
1407,40
1407,42
1408,34
1408,40
1408,42
1409,34
1409,40
1409,42
1410,34
1410,40
1410,42
1411,34
1411,40
1411,42
1412,34
1412,40
1412,42
1413,34
1413,40
1413,42
1414,34
1414,40
1414,42
1415,34
1415,40
1415,42
1416,34
1416,40
1416,42
1417,34
1417,40
1417,42
1418,34
1418,40
1418,42
1419,34
1419,40
1419,42
1420,34
1420,40
1420,42
1421,34
1421,40
1421,42
1422,34
1422,40
1422,42
1423,34
1423,40
1423,42
1424,34
1424,40
1424,42
1425,34
1425,40
1425,42
1426,34
1426,40
1426,42
1427,34
1427,40
1427,42
1428,34
1428,40
1428,42
1429,34
1429,40
1429,42
1430,34
1430,40
1430,42
1431,34
1431,40
1431,42
1432,34
1432,40
1432,42
1433,34
1433,40
1433,42
1434,34
1434,40
1434,42
1435,34
1435,40
1435,42
1436,34
1436,40
1436,42
1437,34
1437,40
1437,42
1438,34
1438,40
1438,42
1439,34
1439,40
1439,42
1440,34
1440,40
1440,42
1441,34
1441,40
1441,42
1442,34
1442,40
1442,42
1443,34
1443,40
1443,42
1444,34
1444,40
1444,42
1445,34
1445,40
1445,42
1446,34
1446,40
1446,42
1447,34
1447,40
1447,42
1448,34
1448,40
1448,42
1449,34
1449,40
1449,42
1450,34
1450,40
1450,42
1451,34
1451,40
1451,42
1452,34
1452,40
1452,42
1453,34
1453,40
1453,42
1454,34
1454,40
1454,42
1455,34
1455,40
1455,42
1456,34
1456,40
1456,42
1457,34
1457,40
1457,42
1458,34
1458,40
1458,42
1459,34
1459,40
1459,42
1460,34
1460,40
1460,42
1461,34
1461,40
1461,42
1462,34
1462,40
1462,42
1463,34
1463,40
1463,42
1464,34
1464,40
1464,42
1465,34
1465,40
1465,42
1466,34
1466,40
1466,42
1467,34
1467,40
1467,42
1468,34
1468,40
1468,42
1469,34
1469,40
1469,42
1470,34
1470,40
1470,42
1471,34
1471,40
1471,42
1472,34
1472,40
1472,42
1473,34
1473,40
1473,42
1474,34
1474,40
1474,42
1475,34
1475,40
1475,42
1476,34
1476,40
1476,42
1477,34
1477,40
1477,42
1478,34
1478,40
1478,42
1479,34
1479,40
1479,42
1480,34
1480,40
1480,42
1481,34
1481,40
1481,42
1482,34
1482,40
1482,42
1483,34
1483,40
1483,42
1484,34
1484,40
1484,42
1485,34
1485,40
1485,42
1486,34
1486,40
1486,42
1487,34
1487,40
1487,42
1488,34
1488,40
1488,42
1489,34
1489,40
1489,42
1490,34
1490,40
1490,42
1491,34
1491,40
1491,42
1492,34
1492,40
1492,42
1493,34
1493,40
1493,42
1494,34
1494,40
1494,42
1495,34
1495,40
1495,42
1496,34
1496,40
1496,42
1497,34
1497,40
1497,42
1498,34
1498,40
1498,42
1499,34
1499,40
1499,42
1500,34
1500,40
1500,42
1501,34
1501,40
1501,42
1502,34
1502,40
1502,42
1503,34
1503,40
1503,42
1504,34
1504,40
1504,42
1505,34
1505,40
1505,42
1506,34
1506,40
1506,42
1507,34
1507,40
1507,42
1508,34
1508,40
1508,42
1509,34
1509,40
1509,42
1510,34
1510,40
1510,42
1511,34
1511,40
1511,42
1512,34
1512,40
1512,42
1513,34
1513,40
1513,42
1514,34
1514,40
1514,42
1515,34
1515,40
1515,42
1516,34
1516,40
1516,42
1517,34
1517,40
1517,42
1518,34
1518,40
1518,42
1519,34
1519,40
1519,42
1520,34
1520,40
1520,42
1521,34
1521,40
1521,42
1522,34
1522,40
1522,42
1523,34
1523,40
1523,42
1524,34
1524,40
1524,42
1525,34
1525,40
1525,42
1526,34
1526,40
1526,42
1527,34
1527,40
1527,42
1528,34
1528,40
1528,42
1529,34
1529,40
1529,42
1530,34
1530,40
1530,42
1531,34
1531,40
1531,42
1532,34
1532,40
1532,42
1533,34
1533,40
1533,42
1534,34
1534,40
1534,42
1535,34
1535,40
1535,42
1536,34
1536,40
1536,42
1537,34
1537,40
1537,42
1538,34
1538,40
1538,42
1539,34
1539,40
1539,42
1540,34
1540,40
1540,42
1541,34
1541,40
1541,42
1542,34
1542,40
1542,42
1543,34
1543,40
1543,42
1544,34
1544,40
1544,42
1545,34
1545,40
1545,42
1546,34
1546,40
1546,42
1547,34
1547,40
1547,42
1548,34
1548,40
1548,42
1549,34
1549,40
1549,42
1550,34
1550,40
1550,42
1551,34
1551,40
1551,42
1552,34
1552,40
1552,42
1553,34
1553,40
1553,42
1554,34
1554,40
1554,42
1555,34
1555,40
1555,42
1556,34
1556,40
1556,42
1557,34
1557,40
1557,42
1558,34
1558,40
1558,42
1559,34
1559,40
1559,42
1560,34
1560,40
1560,42
1561,34
1561,40
1561,42
1562,34
1562,40
1562,42
1563,34
1563,40
1563,42
1564,34
1564,40
1564,42
1565,34
1565,40
1565,42
1566,34
1566,40
1566,42
1567,34
1567,40
1567,42
1568,34
1568,40
1568,42
1569,34
1569,40
1569,42
1570,34
1570,40
1570,42
1571,34
1571,40
1571,42
1572,34
1572,40
1572,42
1573,34
1573,40
1573,42
1574,34
1574,40
1574,42
1575,34
1575,40
1575,42
1576,34
1576,40
1576,42
1577,34
1577,40
1577,42
1578,34
1578,40
1578,42
1579,34
1579,40
1579,42
1580,34
1580,40
1580,42
1581,34
1581,40
1581,42
1582,34
1582,40
1582,42
1583,34
1583,40
1583,42
1584,34
1584,40
1584,42
1585,34
1585,40
1585,42
1586,34
1586,40
1586,42
1587,34
1587,40
1587,42
1588,34
1588,40
1588,42
1589,34
1589,40
1589,42
1590,34
1590,40
1590,42
1591,34
1591,40
1591,42
1592,34
1592,40
1592,42
1593,34
1593,40
1593,42
1594,34
1594,40
1594,42
1595,34
1595,40
1595,42
1596,34
1596,40
1596,42
1597,34
1597,40
1597,42
1598,34
1598,40
1598,42
1599,34
1599,40
1599,42
1600,34
1600,40
1600,42
1601,34
1601,40
1601,42
1602,34
1602,40
1602,42
1603,34
1603,40
1603,42
1604,34
1604,40
1604,42
1605,34
1605,40
1605,42
1606,34
1606,40
1606,42
1607,34
1607,40
1607,42
1608,34
1608,40
1608,42
1609,34
1609,40
1609,42
1610,34
1610,40
1610,42
1611,34
1611,40
1611,42
1612,34
1612,40
1612,42
1613,34
1613,40
1613,42
1614,34
1614,40
1614,42
1615,34
1615,40
1615,42
1616,34
1616,40
1616,42
1617,34
1617,40
1617,42
1618,34
1618,40
1618,42
1619,34
1619,40
1619,42
1620,34
1620,40
1620,42
1621,34
1621,40
1621,42
1622,34
1622,40
1622,42
1623,34
1623,40
1623,42
1624,34
1624,40
1624,42
1625,34
1625,40
1625,42
1626,34
1626,40
1626,42
1627,34
1627,40
1627,42
1628,34
1628,40
1628,42
1629,34
1629,40
1629,42
1630,34
1630,40
1630,42
1631,34
1631,40
1631,42
1632,34
1632,40
1632,42
1633,34
1633,40
1633,42
1634,34
1634,40
1634,42
1635,34
1635,40
1635,42
1636,34
1636,40
1636,42
1637,34
1637,40
1637,42
1638,34
1638,40
1638,42
1639,34
1639,40
1639,42
1640,34
1640,40
1640,42
1641,34
1641,40
1641,42
1642,34
1642,40
1642,42
1643,34
1643,40
1643,42
1644,34
1644,40
1644,42
1645,34
1645,40
1645,42
1646,34
1646,40
1646,42
1647,34
1647,40
1647,42
1648,34
1648,40
1648,42
1649,34
1649,40
1649,42
1650,34
1650,40
1650,42
1651,34
1651,40
1651,42
1652,34
1652,40
1652,42
1653,34
1653,40
1653,42
1654,34
1654,40
1654,42
1655,34
1655,40
1655,42
1656,34
1656,40
1656,42
1657,34
1657,40
1657,42
1658,34
1658,40
1658,42
1659,34
1659,40
1659,42
1660,34
1660,40
1660,42
1661,34
1661,40
1661,42
1662,34
1662,40
1662,42
1663,34
1663,40
1663,42
1664,34
1664,40
1664,42
1665,34
1665,40
1665,42
1666,34
1666,40
1666,42
1667,34
1667,40
1667,42
1668,34
1668,40
1668,42
1669,34
1669,40
1669,42
1670,34
1670,40
1670,42
1671,34
1671,40
1671,42
1672,34
1672,40
1672,42
1673,34
1673,40
1673,42
1674,34
1674,40
1674,42
1675,34
1675,40
1675,42
1676,34
1676,40
1676,42
1677,34
1677,40
1677,42
1678,34
1678,40
1678,42
1679,34
1679,40
1679,42
1680,34
1680,40
1680,42
1681,34
1681,40
1681,42
1682,34
1682,40
1682,42
1683,34
1683,40
1683,42
1684,34
1684,40
1684,42
1685,34
1685,40
1685,42
1686,34
1686,40
1686,42
1687,34
1687,40
1687,42
1688,34
1688,40
1688,42
1689,34
1689,40
1689,42
1690,34
1690,40
1690,42
1691,34
1691,40
1691,42
1692,34
1692,40
1692,42
1693,34
1693,40
1693,42
1694,34
1694,40
1694,42
1695,34
1695,40
1695,42
1696,34
1696,40
1696,42
1697,34
1697,40
1697,42
1698,34
1698,40
1698,42
1699,34
1699,40
1699,42
1700,34
1700,40
1700,42
1701,34
1701,40
1701,42
1702,34
1702,40
1702,42
1703,34
1703,40
1703,42
1704,34
1704,40
1704,42
1705,34
1705,40
1705,42
1706,34
1706,40
1706,42
1707,34
1707,40
1707,42
1708,34
1708,40
1708,42
1709,34
1709,40
1709,42
1710,34
1710,40
1710,42
1711,34
1711,40
1711,42
1712,34
1712,40
1712,42
1713,34
1713,40
1713,42
1714,34
1714,40
1714,42
1715,34
1715,40
1715,42
1716,34
1716,40
1716,42
1717,34
1717,40
1717,42
1718,34
1718,40
1718,42
1719,34
1719,40
1719,42
1720,34
1720,40
1720,42
1721,34
1721,40
1721,42
1722,34
1722,40
1722,42
1723,34
1723,40
1723,42
1724,34
1724,40
1724,42
1725,34
1725,40
1725,42
1726,34
1726,40
1726,42
1727,34
1727,40
1727,42
1728,34
1728,40
1728,42
1729,34
1729,40
1729,42
1730,34
1730,40
1730,42
1731,34
1731,40
1731,42
1732,34
1732,40
1732,42
1733,34
1733,40
1733,42
1734,34
1734,40
1734,42
1735,34
1735,40
1735,42
1736,34
1736,40
1736,42
1737,34
1737,40
1737,42
1738,34
1738,40
1738,42
1739,34
1739,40
1739,42
1740,34
1740,40
1740,42
1741,34
1741,40
1741,42
1742,34
1742,40
1742,42
1743,34
1743,40
1743,42
1744,34
1744,40
1744,42
1745,34
1745,40
1745,42
1746,34
1746,40
1746,42
1747,34
1747,40
1747,42
1748,34
1748,40
1748,42
1749,34
1749,40
1749,42
1750,34
1750,40
1750,42
1751,34
1751,40
1751,42
1752,34
1752,40
1752,42
1753,34
1753,40
1753,42
1754,34
1754,40
1754,42
1755,34
1755,40
1755,42
1756,34
1756,40
1756,42
1757,34
1757,40
1757,42
1758,34
1758,40
1758,42
1759,34
1759,40
1759,42
1760,34
1760,40
1760,42
1761,34
1761,40
1761,42
1762,34
1762,40
1762,42
1763,34
1763,40
1763,42
1764,34
1764,40
1764,42
1765,34
1765,40
1765,42
1766,34
1766,40
1766,42
1767,34
1767,40
1767,42
1768,34
1768,40
1768,42
1769,34
1769,40
1769,42
1770,34
1770,40
1770,42
1771,34
1771,40
1771,42
1772,34
1772,40
1772,42
1773,34
1773,40
1773,42
1774,34
1774,40
1774,42
1775,34
1775,40
1775,42
1776,34
1776,40
1776,42
1777,34
1777,40
1777,42
1778,34
1778,40
1778,42
1779,34
1779,40
1779,42
1780,34
1780,40
1780,42
1781,34
1781,40
1781,42
1782,34
1782,40
1782,42
1783,34
1783,40
1783,42
1784,34
1784,40
1784,42
1785,34
1785,40
1785,42
1786,34
1786,40
1786,42
1787,34
1787,40
1787,42
1788,34
1788,40
1788,42
1789,34
1789,40
1789,42
1790,34
1790,40
1790,42
1791,34
1791,40
1791,42
1792,34
1792,40
1792,42
1793,34
1793,40
1793,42
1794,34
1794,40
1794,42
1795,34
1795,40
1795,42
1796,34
1796,40
1796,42
1797,34
1797,40
1797,42
1798,34
1798,40
1798,42
1799,34
1799,40
1799,42
1800,34
1800,40
1800,42
1801,34
1801,40
1801,42
1802,34
1802,40
1802,42
1803,34
1803,40
1803,42
1804,34
1804,40
1804,42
1805,34
1805,40
1805,42
1806,34
1806,40
1806,42
1807,34
1807,40
1807,42
1808,34
1808,40
1808,42
1809,34
1809,40
1809,42
1810,34
1810,40
1810,42
1811,34
1811,40
1811,42
1812,34
1812,40
1812,42
1813,34
1813,40
1813,42
1814,34
1814,40
1814,42
1815,34
1815,40
1815,42
1816,34
1816,40
1816,42
1817,34
1817,40
1817,42
1818,34
1818,40
1818,42
1819,34
1819,40
1819,42
1820,34
1820,40
1820,42
1821,34
1821,40
1821,42
1822,34
1822,40
1822,42
1823,34
1823,40
1823,42
1824,34
1824,40
1824,42
1825,34
1825,40
1825,42
1826,34
1826,40
1826,42
1827,34
1827,40
1827,42
1828,34
1828,40
1828,42
1829,34
1829,40
1829,42
1830,34
1830,40
1830,42
1831,34
1831,40
1831,42
1832,34
1832,40
1832,42
1833,34
1833,40
1833,42
1834,34
1834,40
1834,42
1835,34
1835,40
1835,42
1836,34
1836,40
1836,42
1837,34
1837,40
1837,42
1838,34
1838,40
1838,42
1839,34
1839,40
1839,42
1840,34
1840,40
1840,42
1841,34
1841,40
1841,42
1842,34
1842,40
1842,42
1843,34
1843,40
1843,42
1844,34
1844,40
1844,42
1845,34
1845,40
1845,42
1846,34
1846,40
1846,42
1847,34
1847,40
1847,42
1848,34
1848,40
1848,42
1849,34
1849,40
1849,42
1850,34
1850,40
1850,42
1851,34
1851,40
1851,42
1852,34
1852,40
1852,42
1853,34
1853,40
1853,42
1854,34
1854,40
1854,42
1855,34
1855,40
1855,42
1856,34
1856,40
1856,42
1857,34
1857,40
1857,42
1858,34
1858,40
1858,42
1859,34
1859,40
1859,42
1860,34
1860,40
1860,42
1861,34
1861,40
1861,42
1862,34
1862,40
1862,42
1863,34
1863,40
1863,42
1864,34
1864,40
1864,42
1865,34
1865,40
1865,42
1866,34
1866,40
1866,42
1867,34
1867,40
1867,42
1868,34
1868,40
1868,42
1869,34
1869,40
1869,42
1870,34
1870,40
1870,42
1871,34
1871,40
1871,42
1872,34
1872,40
1872,42
1873,34
1873,40
1873,42
1874,34
1874,40
1874,42
1875,34
1875,40
1875,42
1876,34
1876,40
1876,42
1877,34
1877,40
1877,42
1878,34
1878,40
1878,42
1879,34
1879,40
1879,42
1880,34
1880,40
1880,42
1881,34
1881,40
1881,42
1882,34
1882,40
1882,42
1883,34
1883,40
1883,42
1884,34
1884,40
1884,42
1885,34
1885,40
1885,42
1886,34
1886,40
1886,42
1887,34
1887,40
1887,42
1888,34
1888,40
1888,42
1889,34
1889,40
1889,42
1890,34
1890,40
1890,42
1891,34
1891,40
1891,42
1892,34
1892,40
1892,42
1893,34
1893,40
1893,42
1894,34
1894,40
1894,42
1895,34
1895,40
1895,42
1896,34
1896,40
1896,42
1897,34
1897,40
1897,42
1898,34
1898,40
1898,42
1899,34
1899,40
1899,42
1900,34
1900,40
1900,42
1901,34
1901,40
1901,42
1902,34
1902,40
1902,42
1903,34
1903,40
1903,42
1904,34
1904,40
1904,42
1905,34
1905,40
1905,42
1906,34
1906,40
1906,42
1907,34
1907,40
1907,42
1908,34
1908,40
1908,42
1909,34
1909,40
1909,42
1910,34
1910,40
1910,42
1911,34
1911,40
1911,42
1912,34
1912,40
1912,42
1913,34
1913,40
1913,42
1914,34
1914,40
1914,42
1915,34
1915,40
1915,42
1916,34
1916,40
1916,42
1917,34
1917,40
1917,42
1918,34
1918,40
1918,42
1919,34
1919,40
1919,42
1920,34
1920,40
1920,42
1921,34
1921,40
1921,42
1922,34
1922,40
1922,42
1923,34
1923,40
1923,42
1924,34
1924,40
1924,42
1925,34
1925,40
1925,42
1926,34
1926,40
1926,42
1927,34
1927,40
1927,42
1928,34
1928,40
1928,42
1929,34
1929,40
1929,42
1930,34
1930,40
1930,42
1931,34
1931,40
1931,42
1932,34
1932,40
1932,42
1933,34
1933,40
1933,42
1934,34
1934,40
1934,42
1935,34
1935,40
1935,42
1936,34
1936,40
1936,42
1937,34
1937,40
1937,42
1938,34
1938,40
1938,42
1939,34
1939,40
1939,42
1940,34
1940,40
1940,42
1941,34
1941,40
1941,42
1942,34
1942,40
1942,42
1943,34
1943,40
1943,42
1944,34
1944,40
1944,42
1945,34
1945,40
1945,42
1946,34
1946,40
1946,42
1947,34
1947,40
1947,42
1948,34
1948,40
1948,42
1949,34
1949,40
1949,42
1950,34
1950,40
1950,42
1951,34
1951,40
1951,42
1952,34
1952,40
1952,42
1953,34
1953,40
1953,42
1954,34
1954,40
1954,42
1955,34
1955,40
1955,42
1956,34
1956,40
1956,42
1957,34
1957,40
1957,42
1958,34
1958,40
1958,42
1959,34
1959,40
1959,42
1960,34
1960,40
1960,42
1961,34
1961,40
1961,42
1962,34
1962,40
1962,42
1963,34
1963,40
1963,42
1964,34
1964,40
1964,42
1965,34
1965,40
1965,42
1966,34
1966,40
1966,42
1967,34
1967,40
1967,42
1968,34
1968,40
1968,42
1969,34
1969,40
1969,42
1970,34
1970,40
1970,42
1971,34
1971,40
1971,42
1972,34
1972,40
1972,42
1973,34
1973,40
1973,42
1974,34
1974,40
1974,42
1975,34
1975,40
1975,42
1976,34
1976,40
1976,42
1977,34
1977,40
1977,42
1978,34
1978,40
1978,42
1979,34
1979,40
1979,42
1980,34
1980,40
1980,42
1981,34
1981,40
1981,42
1982,34
1982,40
1982,42
1983,34
1983,40
1983,42
1984,34
1984,40
1984,42
1985,34
1985,40
1985,42
1986,34
1986,40
1986,42
1987,34
1987,40
1987,42
1988,34
1988,40
1988,42
1989,34
1989,40
1989,42
1990,34
1990,40
1990,42
1991,34
1991,40
1991,42
1992,34
1992,40
1992,42
1993,34
1993,40
1993,42
1994,34
1994,40
1994,42
1995,34
1995,40
1995,42
1996,34
1996,40
1996,42
1997,34
1997,40
1997,42
1998,34
1998,40
1998,42
1999,34
1999,40
1999,42
2000,34
2000,40
2000,42
2001,34
2001,40
2001,42
2002,34
2002,40
2002,42
2003,34
2003,40
2003,42
2004,34
2004,40
2004,42
2005,34
2005,40
2005,42
2006,34
2006,40
2006,42
2007,34
2007,40
2007,42
2008,34
2008,40
2008,42
2009,34
2009,40
2009,42
2010,34
2010,40
2010,42
2011,34
2011,40
2011,42
2012,34
2012,40
2012,42
2013,34
2013,40
2013,42
2014,34
2014,40
2014,42
2015,34
2015,40
2015,42
2016,34
2016,40
2016,42
2017,34
2017,40
2017,42
2018,34
2018,40
2018,42
2019,34
2019,40
2019,42
2020,34
2020,40
2020,42
2021,34
2021,40
2021,42
2022,34
2022,40
2022,42
2023,34
2023,40
2023,42
2024,34
2024,40
2024,42
2025,34
2025,40
2025,42
2026,34
2026,40
2026,42
2027,34
2027,40
2027,42
2028,34
2028,40
2028,42
2029,34
2029,40
2029,42
2030,34
2030,40
2030,42
2031,34
2031,40
2031,42
2032,34
2032,40
2032,42
2033,34
2033,40
2033,42
2034,34
2034,40
2034,42
2035,34
2035,40
2035,42
2036,34
2036,40
2036,42
2037,34
2037,40
2037,42
2038,34
2038,40
2038,42
2039,34
2039,40
2039,42
2040,34
2040,40
2040,42
2041,34
2041,40
2041,42
2042,34
2042,40
2042,42
2043,34
2043,40
2043,42
2044,34
2044,40
2044,42
2045,34
2045,40
2045,42
2046,34
2046,40
2046,42
2047,34
2047,40
2047,42
2048,34
2048,40
2048,42
2049,34
2049,40
2049,42
2050,34
2050,40
2050,42
2051,34
2051,40
2051,42
2052,34
2052,40
2052,42
2053,34
2053,40
2053,42
2054,34
2054,40
2054,42
2055,34
2055,40
2055,42
2056,34
2056,40
2056,42
2057,34
2057,40
2057,42
2058,34
2058,40
2058,42
2059,34
2059,40
2059,42
2060,34
2060,40
2060,42
2061,34
2061,40
2061,42
2062,34
2062,40
2062,42
2063,34
2063,40
2063,42
2064,34
2064,40
2064,42
2065,34
2065,40
2065,42
2066,34
2066,40
2066,42
2067,34
2067,40
2067,42
2068,34
2068,40
2068,42
2069,34
2069,40
2069,42
2070,34
2070,40
2070,42
2071,34
2071,40
2071,42
2072,34
2072,40
2072,42
2073,34
2073,40
2073,42
2074,34
2074,40
2074,42
2075,34
2075,40
2075,42
2076,34
2076,40
2076,42
2077,34
2077,40
2077,42
2078,34
2078,40
2078,42
2079,34
2079,40
2079,42
2080,34
2080,40
2080,42
2081,34
2081,40
2081,42
2082,34
2082,40
2082,42
2083,34
2083,40
2083,42
2084,34
2084,40
2084,42
2085,34
2085,40
2085,42
2086,34
2086,40
2086,42
2087,34
2087,40
2087,42
2088,34
2088,40
2088,42
2089,34
2089,40
2089,42
2090,34
2090,40
2090,42
2091,34
2091,40
2091,42
2092,34
2092,40
2092,42
2093,34
2093,40
2093,42
2094,34
2094,40
2094,42
2095,34
2095,40
2095,42
2096,34
2096,40
2096,42
2097,34
2097,40
2097,42
2098,34
2098,40
2098,42
2099,34
2099,40
2099,42
2100,34
2100,40
2100,42
2101,34
2101,40
2101,42
2102,34
2102,40
2102,42
2103,34
2103,40
2103,42
2104,34
2104,40
2104,42
2105,34
2105,40
2105,42
2106,34
2106,40
2106,42
2107,34
2107,40
2107,42
2108,34
2108,40
2108,42
2109,34
2109,40
2109,42
2110,34
2110,40
2110,42
2111,34
2111,40
2111,42
2112,34
2112,40
2112,42
2113,34
2113,40
2113,42
2114,34
2114,40
2114,42
2115,34
2115,40
2115,42
2116,34
2116,40
2116,42
2117,34
2117,40
2117,42
2118,34
2118,40
2118,42
2119,34
2119,40
2119,42
2120,34
2120,40
2120,42
2121,34
2121,40
2121,42
2122,34
2122,40
2122,42
2123,34
2123,40
2123,42
2124,34
2124,40
2124,42
2125,34
2125,40
2125,42
2126,34
2126,40
2126,42
2127,34
2127,40
2127,42
2128,34
2128,40
2128,42
2129,34
2129,40
2129,42
2130,34
2130,40
2130,42
2131,34
2131,40
2131,42
2132,34
2132,40
2132,42
2133,34
2133,40
2133,42
2134,34
2134,40
2134,42
2135,34
2135,40
2135,42
2136,34
2136,40
2136,42
2137,34
2137,40
2137,42
2138,34
2138,40
2138,42
2139,34
2139,40
2139,42
2140,34
2140,40
2140,42
2141,34
2141,40
2141,42
2142,34
2142,40
2142,42
2143,34
2143,40
2143,42
2144,34
2144,40
2144,42
2145,34
2145,40
2145,42
2146,34
2146,40
2146,42
2147,34
2147,40
2147,42
2148,34
2148,40
2148,42
2149,34
2149,40
2149,42
2150,34
2150,40
2150,42
2151,17
2151,23
2152,17
2152,23
2153,17
2153,23
2154,17
2154,23
2155,17
2155,23
2156,17
2156,23
2157,17
2157,23
2158,17
2158,23
2159,17
2159,23
2160,17
2160,23
2161,17
2161,23
2162,17
2162,23
2163,17
2163,23
2164,17
2164,23
2165,17
2165,23
2166,17
2166,23
2167,17
2167,23
2168,17
2168,23
2169,17
2169,23
2170,17
2170,23
2171,17
2171,23
2172,17
2172,23
2173,17
2173,23
2174,17
2174,23
2175,17
2175,23
2176,17
2176,23
2177,17
2177,23
2178,17
2178,23
2179,17
2179,23
2180,17
2180,23
2181,17
2181,23
2182,17
2182,23
2183,17
2183,23
2184,17
2184,23
2185,17
2185,23
2186,17
2186,23
2187,17
2187,23
2188,17
2188,23
2189,17
2189,23
2190,17
2190,23
2191,17
2191,23
2192,17
2192,23
2193,17
2193,23
2194,17
2194,23
2195,17
2195,23
2196,17
2196,23
2197,17
2197,23
2198,17
2198,23
2199,17
2199,23
2200,17
2200,23
2201,17
2201,23
2202,17
2202,23
2203,17
2203,23
2204,17
2204,23
2205,17
2205,23
2206,17
2206,23
2207,17
2207,23
2208,17
2208,23
2209,17
2209,23
2210,17
2210,23
2211,17
2211,23
2212,17
2212,23
2213,17
2213,23
2214,17
2214,23
2215,17
2215,23
2216,17
2216,23
2217,17
2217,23
2218,17
2218,23
2219,17
2219,23
2220,17
2220,23
2221,17
2221,23
2222,17
2222,23
2223,17
2223,23
2224,17
2224,23
2225,17
2225,23
2226,17
2226,23
2227,17
2227,23
2228,17
2228,23
2229,17
2229,23
2230,17
2230,23
2231,17
2231,23
2232,17
2232,23
2233,17
2233,23
2234,17
2234,23
2235,17
2235,23
2236,17
2236,23
2237,17
2237,23
2238,17
2238,23
2239,17
2239,23
2240,17
2240,23
2241,17
2241,23
2242,17
2242,23
2243,17
2243,23
2244,17
2244,23
2245,17
2245,23
2246,17
2246,23
2247,17
2247,23
2248,17
2248,23
2249,17
2249,23
2250,17
2250,23
2251,17
2251,23
2252,17
2252,23
2253,17
2253,23
2254,17
2254,23
2255,17
2255,23
2256,17
2256,23
2257,17
2257,23
2258,17
2258,23
2259,17
2259,23
2260,17
2260,23
2261,17
2261,23
2262,17
2262,23
2263,17
2263,23
2264,17
2264,23
2265,17
2265,23
2266,17
2266,23
2267,17
2267,23
2268,17
2268,23
2269,17
2269,23
2270,17
2270,23
2271,17
2271,23
2272,17
2272,23
2273,17
2273,23
2274,17
2274,23
2275,17
2275,23
2276,17
2276,23
2277,17
2277,23
2278,17
2278,23
2279,17
2279,23
2280,17
2280,23
2281,17
2281,23
2282,17
2282,23
2283,17
2283,23
2284,17
2284,23
2285,17
2285,23
2286,17
2286,23
2287,17
2287,23
2288,17
2288,23
2289,17
2289,23
2290,17
2290,23
2291,17
2291,23
2292,17
2292,23
2293,17
2293,23
2294,17
2294,23
2295,17
2295,23
2296,17
2296,23
2297,17
2297,23
2298,17
2298,23
2299,17
2299,23
2300,17
2300,23
2301,17
2301,23
2302,17
2302,23
2303,17
2303,23
2304,17
2304,23
2305,17
2305,23
2306,17
2306,23
2307,17
2307,23
2308,17
2308,23
2309,17
2309,23
2310,17
2310,23
2311,17
2311,23
2312,17
2312,23
2313,17
2313,23
2314,17
2314,23
2315,17
2315,23
2316,17
2316,23
2317,17
2317,23
2318,17
2318,23
2319,17
2319,23
2320,17
2320,23
2321,17
2321,23
2322,17
2322,23
2323,17
2323,23
2324,17
2324,23
2325,17
2325,23
2326,17
2326,23
2327,17
2327,23
2328,17
2328,23
2329,17
2329,23
2330,17
2330,23
2331,17
2331,23
2332,17
2332,23
2333,17
2333,23
2334,17
2334,23
2335,17
2335,23
2336,17
2336,23
2337,17
2337,23
2338,17
2338,23
2339,17
2339,23
2340,17
2340,23
2341,17
2341,23
2342,17
2342,23
2343,17
2343,23
2344,17
2344,23
2345,17
2345,23
2346,17
2346,23
2347,17
2347,23
2348,17
2348,23
2349,17
2349,23
2350,17
2350,23
2351,17
2351,23
2352,17
2352,23
2353,17
2353,23
2354,17
2354,23
2355,17
2355,23
2356,17
2356,23
2357,17
2357,23
2358,17
2358,23
2359,17
2359,23
2360,17
2360,23
2361,17
2361,23
2362,17
2362,23
2363,17
2363,23
2364,17
2364,23
2365,17
2365,23
2366,17
2366,23
2367,17
2367,23
2368,17
2368,23
2369,17
2369,23
2370,17
2370,23
2371,17
2371,23
2372,17
2372,23
2373,17
2373,23
2374,17
2374,23
2375,17
2375,23
2376,17
2376,23
2377,17
2377,23
2378,17
2378,23
2379,17
2379,23
2380,17
2380,23
2381,17
2381,23
2382,17
2382,23
2383,17
2383,23
2384,17
2384,23
2385,17
2385,23
2386,17
2386,23
2387,17
2387,23
2388,17
2388,23
2389,17
2389,23
2390,17
2390,23
2391,17
2391,23
2392,17
2392,23
2393,17
2393,23
2394,17
2394,23
2395,17
2395,23
2396,17
2396,23
2397,17
2397,23
2398,17
2398,23
2399,17
2399,23
2400,17
2400,23
2401,17
2401,23
2402,17
2402,23
2403,17
2403,23
2404,17
2404,23
2405,17
2405,23
2406,17
2406,23
2407,17
2407,23
2408,17
2408,23
2409,17
2409,23
2410,17
2410,23
2411,17
2411,23
2412,17
2412,23
2413,17
2413,23
2414,17
2414,23
2415,17
2415,23
2416,17
2416,23
2417,17
2417,23
2418,17
2418,23
2419,17
2419,23
2420,17
2420,23
2421,17
2421,23
2422,17
2422,23
2423,17
2423,23
2424,17
2424,23
2425,17
2425,23
2426,17
2426,23
2427,17
2427,23
2428,17
2428,23
2429,17
2429,23
2430,17
2430,23
2431,17
2431,23
2432,17
2432,23
2433,17
2433,23
2434,17
2434,23
2435,17
2435,23
2436,17
2436,23
2437,17
2437,23
2438,17
2438,23
2439,17
2439,23
2440,17
2440,23
2441,17
2441,23
2442,17
2442,23
2443,17
2443,23
2444,17
2444,23
2445,17
2445,23
2446,17
2446,23
2447,17
2447,23
2448,17
2448,23
2449,17
2449,23
2450,17
2450,23
2451,20
2451,8
2452,20
2452,8
2453,20
2453,8
2454,20
2454,8
2455,20
2455,8
2456,20
2456,8
2457,20
2457,8
2458,20
2458,8
2459,20
2459,8
2460,20
2460,8
2461,20
2461,8
2462,20
2462,8
2463,20
2463,8
2464,20
2464,8
2465,20
2465,8
2466,20
2466,8
2467,20
2467,8
2468,20
2468,8
2469,20
2469,8
2470,20
2470,8
2471,20
2471,8
2472,20
2472,8
2473,20
2473,8
2474,20
2474,8
2475,20
2475,8
2476,20
2476,8
2477,20
2477,8
2478,20
2478,8
2479,20
2479,8
2480,20
2480,8
2481,20
2481,8
2482,20
2482,8
2483,20
2483,8
2484,20
2484,8
2485,20
2485,8
2486,20
2486,8
2487,20
2487,8
2488,20
2488,8
2489,20
2489,8
2490,20
2490,8
2491,20
2491,8
2492,20
2492,8
2493,20
2493,8
2494,20
2494,8
2495,20
2495,8
2496,20
2496,8
2497,20
2497,8
2498,20
2498,8
2499,20
2499,8
2500,20
2500,8
2501,20
2501,8
2502,20
2502,8
2503,20
2503,8
2504,20
2504,8
2505,20
2505,8
2506,20
2506,8
2507,20
2507,8
2508,20
2508,8
2509,20
2509,8
2510,20
2510,8
2511,20
2511,8
2512,20
2512,8
2513,20
2513,8
2514,20
2514,8
2515,20
2515,8
2516,20
2516,8
2517,20
2517,8
2518,20
2518,8
2519,20
2519,8
2520,20
2520,8
2521,20
2521,8
2522,20
2522,8
2523,20
2523,8
2524,20
2524,8
2525,20
2525,8
2526,20
2526,8
2527,20
2527,8
2528,20
2528,8
2529,20
2529,8
2530,20
2530,8
2531,20
2531,8
2532,20
2532,8
2533,20
2533,8
2534,20
2534,8
2535,20
2535,8
2536,20
2536,8
2537,20
2537,8
2538,20
2538,8
2539,20
2539,8
2540,20
2540,8
2541,20
2541,8
2542,20
2542,8
2543,20
2543,8
2544,20
2544,8
2545,20
2545,8
2546,20
2546,8
2547,20
2547,8
2548,20
2548,8
2549,20
2549,8
2550,20
2550,8
2551,20
2551,8
2552,20
2552,8
2553,20
2553,8
2554,20
2554,8
2555,20
2555,8
2556,20
2556,8
2557,20
2557,8
2558,20
2558,8
2559,20
2559,8
2560,20
2560,8
2561,20
2561,8
2562,20
2562,8
2563,20
2563,8
2564,20
2564,8
2565,20
2565,8
2566,20
2566,8
2567,20
2567,8
2568,20
2568,8
2569,20
2569,8
2570,20
2570,8
2571,20
2571,8
2572,20
2572,8
2573,20
2573,8
2574,20
2574,8
2575,20
2575,8
2576,20
2576,8
2577,20
2577,8
2578,20
2578,8
2579,20
2579,8
2580,20
2580,8
2581,20
2581,8
2582,20
2582,8
2583,20
2583,8
2584,20
2584,8
2585,20
2585,8
2586,20
2586,8
2587,20
2587,8
2588,20
2588,8
2589,20
2589,8
2590,20
2590,8
2591,20
2591,8
2592,20
2592,8
2593,20
2593,8
2594,20
2594,8
2595,20
2595,8
2596,20
2596,8
2597,20
2597,8
2598,20
2598,8
2599,20
2599,8
2600,20
2600,8
2601,20
2601,8
2602,20
2602,8
2603,20
2603,8
2604,20
2604,8
2605,20
2605,8
2606,20
2606,8
2607,20
2607,8
2608,20
2608,8
2609,20
2609,8
2610,20
2610,8
2611,20
2611,8
2612,20
2612,8
2613,20
2613,8
2614,20
2614,8
2615,20
2615,8
2616,20
2616,8
2617,20
2617,8
2618,20
2618,8
2619,20
2619,8
2620,20
2620,8
2621,20
2621,8
2622,20
2622,8
2623,20
2623,8
2624,20
2624,8
2625,20
2625,8
2626,20
2626,8
2627,20
2627,8
2628,20
2628,8
2629,20
2629,8
2630,20
2630,8
2631,20
2631,8
2632,20
2632,8
2633,20
2633,8
2634,20
2634,8
2635,20
2635,8
2636,20
2636,8
2637,20
2637,8
2638,20
2638,8
2639,20
2639,8
2640,20
2640,8
2641,20
2641,8
2642,20
2642,8
2643,20
2643,8
2644,20
2644,8
2645,20
2645,8
2646,20
2646,8
2647,20
2647,8
2648,20
2648,8
2649,20
2649,8
2650,20
2650,8
2651,20
2651,8
2652,20
2652,8
2653,20
2653,8
2654,20
2654,8
2655,20
2655,8
2656,20
2656,8
2657,20
2657,8
2658,20
2658,8
2659,20
2659,8
2660,20
2660,8
2661,20
2661,8
2662,20
2662,8
2663,20
2663,8
2664,20
2664,8
2665,20
2665,8
2666,20
2666,8
2667,20
2667,8
2668,20
2668,8
2669,20
2669,8
2670,20
2670,8
2671,20
2671,8
2672,20
2672,8
2673,20
2673,8
2674,20
2674,8
2675,20
2675,8
2676,20
2676,8
2677,20
2677,8
2678,20
2678,8
2679,20
2679,8
2680,20
2680,8
2681,20
2681,8
2682,20
2682,8
2683,20
2683,8
2684,20
2684,8
2685,20
2685,8
2686,20
2686,8
2687,20
2687,8
2688,20
2688,8
2689,20
2689,8
2690,20
2690,8
2691,20
2691,8
2692,20
2692,8
2693,20
2693,8
2694,20
2694,8
2695,20
2695,8
2696,20
2696,8
2697,20
2697,8
2698,20
2698,8
2699,20
2699,8
2700,20
2700,8
2701,20
2701,8
2702,20
2702,8
2703,20
2703,8
2704,20
2704,8
2705,20
2705,8
2706,20
2706,8
2707,20
2707,8
2708,20
2708,8
2709,20
2709,8
2710,20
2710,8
2711,20
2711,8
2712,20
2712,8
2713,20
2713,8
2714,20
2714,8
2715,20
2715,8
2716,20
2716,8
2717,20
2717,8
2718,20
2718,8
2719,20
2719,8
2720,20
2720,8
2721,20
2721,8
2722,20
2722,8
2723,20
2723,8
2724,20
2724,8
2725,20
2725,8
2726,20
2726,8
2727,20
2727,8
2728,20
2728,8
2729,20
2729,8
2730,20
2730,8
2731,20
2731,8
2732,20
2732,8
2733,20
2733,8
2734,20
2734,8
2735,20
2735,8
2736,20
2736,8
2737,20
2737,8
2738,20
2738,8
2739,20
2739,8
2740,20
2740,8
2741,20
2741,8
2742,20
2742,8
2743,20
2743,8
2744,20
2744,8
2745,20
2745,8
2746,20
2746,8
2747,20
2747,8
2748,20
2748,8
2749,20
2749,8
2750,20
2750,8
2751,20
2751,8
2752,20
2752,8
2753,20
2753,8
2754,20
2754,8
2755,20
2755,8
2756,20
2756,8
2757,20
2757,8
2758,20
2758,8
2759,20
2759,8
2760,20
2760,8
2761,20
2761,8
2762,20
2762,8
2763,20
2763,8
2764,20
2764,8
2765,20
2765,8
2766,20
2766,8
2767,20
2767,8
2768,20
2768,8
2769,20
2769,8
2770,20
2770,8
2771,20
2771,8
2772,20
2772,8
2773,20
2773,8
2774,20
2774,8
2775,20
2775,8
2776,20
2776,8
2777,20
2777,8
2778,20
2778,8
2779,20
2779,8
2780,20
2780,8
2781,20
2781,8
2782,20
2782,8
2783,20
2783,8
2784,20
2784,8
2785,20
2785,8
2786,20
2786,8
2787,20
2787,8
2788,20
2788,8
2789,20
2789,8
2790,20
2790,8
2791,20
2791,8
2792,20
2792,8
2793,20
2793,8
2794,20
2794,8
2795,20
2795,8
2796,20
2796,8
2797,20
2797,8
2798,20
2798,8
2799,20
2799,8
2800,20
2800,8
2801,20
2801,8
2802,20
2802,8
2803,20
2803,8
2804,20
2804,8
2805,20
2805,8
2806,20
2806,8
2807,20
2807,8
2808,20
2808,8
2809,20
2809,8
2810,20
2810,8
2811,20
2811,8
2812,20
2812,8
2813,20
2813,8
2814,20
2814,8
2815,20
2815,8
2816,20
2816,8
2817,20
2817,8
2818,20
2818,8
2819,20
2819,8
2820,20
2820,8
2821,20
2821,8
2822,20
2822,8
2823,20
2823,8
2824,20
2824,8
2825,20
2825,8
2826,20
2826,8
2827,20
2827,8
2828,20
2828,8
2829,20
2829,8
2830,20
2830,8
2831,20
2831,8
2832,20
2832,8
2833,20
2833,8
2834,20
2834,8
2835,20
2835,8
2836,20
2836,8
2837,20
2837,8
2838,20
2838,8
2839,20
2839,8
2840,20
2840,8
2841,20
2841,8
2842,20
2842,8
2843,20
2843,8
2844,20
2844,8
2845,20
2845,8
2846,20
2846,8
2847,20
2847,8
2848,20
2848,8
2849,20
2849,8
2850,20
2850,8
2851,20
2851,8
2852,20
2852,8
2853,20
2853,8
2854,20
2854,8
2855,20
2855,8
2856,20
2856,8
2857,20
2857,8
2858,20
2858,8
2859,20
2859,8
2860,20
2860,8
2861,20
2861,8
2862,20
2862,8
2863,20
2863,8
2864,20
2864,8
2865,20
2865,8
2866,20
2866,8
2867,20
2867,8
2868,20
2868,8
2869,20
2869,8
2870,20
2870,8
2871,20
2871,8
2872,20
2872,8
2873,20
2873,8
2874,20
2874,8
2875,20
2875,8
2876,20
2876,8
2877,20
2877,8
2878,20
2878,8
2879,20
2879,8
2880,20
2880,8
2881,20
2881,8
2882,20
2882,8
2883,20
2883,8
2884,20
2884,8
2885,20
2885,8
2886,20
2886,8
2887,20
2887,8
2888,20
2888,8
2889,20
2889,8
2890,20
2890,8
2891,20
2891,8
2892,20
2892,8
2893,20
2893,8
2894,20
2894,8
2895,20
2895,8
2896,20
2896,8
2897,20
2897,8
2898,20
2898,8
2899,20
2899,8
2900,20
2900,8
2901,20
2901,8
2902,20
2902,8
2903,20
2903,8
2904,20
2904,8
2905,20
2905,8
2906,20
2906,8
2907,20
2907,8
2908,20
2908,8
2909,20
2909,8
2910,20
2910,8
2911,20
2911,8
2912,20
2912,8
2913,20
2913,8
2914,20
2914,8
2915,20
2915,8
2916,20
2916,8
2917,20
2917,8
2918,20
2918,8
2919,20
2919,8
2920,20
2920,8
2921,20
2921,8
2922,20
2922,8
2923,20
2923,8
2924,20
2924,8
2925,20
2925,8
2926,20
2926,8
2927,20
2927,8
2928,20
2928,8
2929,20
2929,8
2930,20
2930,8
2931,20
2931,8
2932,20
2932,8
2933,20
2933,8
2934,20
2934,8
2935,20
2935,8
2936,20
2936,8
2937,20
2937,8
2938,20
2938,8
2939,20
2939,8
2940,20
2940,8
2941,20
2941,8
2942,20
2942,8
2943,20
2943,8
2944,20
2944,8
2945,20
2945,8
2946,20
2946,8
2947,20
2947,8
2948,20
2948,8
2949,20
2949,8
2950,20
2950,8
2951,20
2951,8
2952,20
2952,8
2953,20
2953,8
2954,20
2954,8
2955,20
2955,8
2956,20
2956,8
2957,20
2957,8
2958,20
2958,8
2959,20
2959,8
2960,20
2960,8
2961,20
2961,8
2962,20
2962,8
2963,20
2963,8
2964,20
2964,8
2965,20
2965,8
2966,20
2966,8
2967,20
2967,8
2968,20
2968,8
2969,20
2969,8
2970,20
2970,8
2971,20
2971,8
2972,20
2972,8
2973,20
2973,8
2974,20
2974,8
2975,20
2975,8
2976,20
2976,8
2977,20
2977,8
2978,20
2978,8
2979,20
2979,8
2980,20
2980,8
2981,20
2981,8
2982,20
2982,8
2983,20
2983,8
2984,20
2984,8
2985,20
2985,8
2986,20
2986,8
2987,20
2987,8
2988,20
2988,8
2989,20
2989,8
2990,20
2990,8
2991,20
2991,8
2992,20
2992,8
2993,20
2993,8
2994,20
2994,8
2995,20
2995,8
2996,20
2996,8
2997,20
2997,8
2998,20
2998,8
2999,20
2999,8
3000,20
3000,8
3001,20
3001,8
3002,20
3002,8
3003,20
3003,8
3004,20
3004,8
3005,20
3005,8
3006,20
3006,8
3007,20
3007,8
3008,20
3008,8
3009,20
3009,8
3010,20
3010,8
3011,20
3011,8
3012,20
3012,8
3013,20
3013,8
3014,20
3014,8
3015,20
3015,8
3016,20
3016,8
3017,20
3017,8
3018,20
3018,8
3019,20
3019,8
3020,20
3020,8
3021,20
3021,8
3022,20
3022,8
3023,20
3023,8
3024,20
3024,8
3025,20
3025,8
3026,20
3026,8
3027,20
3027,8
3028,20
3028,8
3029,20
3029,8
3030,20
3030,8
3031,20
3031,8
3032,20
3032,8
3033,20
3033,8
3034,20
3034,8
3035,20
3035,8
3036,20
3036,8
3037,20
3037,8
3038,20
3038,8
3039,20
3039,8
3040,20
3040,8
3041,20
3041,8
3042,20
3042,8
3043,20
3043,8
3044,20
3044,8
3045,20
3045,8
3046,20
3046,8
3047,20
3047,8
3048,20
3048,8
3049,20
3049,8
3050,20
3050,8
3051,20
3051,8
3052,20
3052,8
3053,20
3053,8
3054,20
3054,8
3055,20
3055,8
3056,20
3056,8
3057,20
3057,8
3058,20
3058,8
3059,20
3059,8
3060,20
3060,8
3061,20
3061,8
3062,20
3062,8
3063,20
3063,8
3064,20
3064,8
3065,20
3065,8
3066,20
3066,8
3067,20
3067,8
3068,20
3068,8
3069,20
3069,8
3070,20
3070,8
3071,20
3071,8
3072,20
3072,8
3073,20
3073,8
3074,20
3074,8
3075,20
3075,8
3076,20
3076,8
3077,20
3077,8
3078,20
3078,8
3079,20
3079,8
3080,20
3080,8
3081,20
3081,8
3082,20
3082,8
3083,20
3083,8
3084,20
3084,8
3085,20
3085,8
3086,20
3086,8
3087,20
3087,8
3088,20
3088,8
3089,20
3089,8
3090,20
3090,8
3091,20
3091,8
3092,20
3092,8
3093,20
3093,8
3094,20
3094,8
3095,20
3095,8
3096,20
3096,8
3097,20
3097,8
3098,20
3098,8
3099,20
3099,8
3100,20
3100,8
3101,20
3101,8
3102,20
3102,8
3103,20
3103,8
3104,20
3104,8
3105,20
3105,8
3106,20
3106,8
3107,20
3107,8
3108,20
3108,8
3109,20
3109,8
3110,20
3110,8
3111,20
3111,8
3112,20
3112,8
3113,20
3113,8
3114,20
3114,8
3115,20
3115,8
3116,20
3116,8
3117,20
3117,8
3118,20
3118,8
3119,20
3119,8
3120,20
3120,8
3121,20
3121,8
3122,20
3122,8
3123,20
3123,8
3124,20
3124,8
3125,20
3125,8
3126,20
3126,8
3127,20
3127,8
3128,20
3128,8
3129,20
3129,8
3130,20
3130,8
3131,20
3131,8
3132,20
3132,8
3133,20
3133,8
3134,20
3134,8
3135,20
3135,8
3136,20
3136,8
3137,20
3137,8
3138,20
3138,8
3139,20
3139,8
3140,20
3140,8
3141,20
3141,8
3142,20
3142,8
3143,20
3143,8
3144,20
3144,8
3145,20
3145,8
3146,20
3146,8
3147,20
3147,8
3148,20
3148,8
3149,20
3149,8
3150,20
3150,8
3151,20
3151,8
3152,20
3152,8
3153,20
3153,8
3154,20
3154,8
3155,20
3155,8
3156,20
3156,8
3157,20
3157,8
3158,20
3158,8
3159,20
3159,8
3160,20
3160,8
3161,20
3161,8
3162,20
3162,8
3163,20
3163,8
3164,20
3164,8
3165,20
3165,8
3166,20
3166,8
3167,20
3167,8
3168,20
3168,8
3169,20
3169,8
3170,20
3170,8
3171,20
3171,8
3172,20
3172,8
3173,20
3173,8
3174,20
3174,8
3175,20
3175,8
3176,20
3176,8
3177,20
3177,8
3178,20
3178,8
3179,20
3179,8
3180,20
3180,8
3181,20
3181,8
3182,20
3182,8
3183,20
3183,8
3184,20
3184,8
3185,20
3185,8
3186,20
3186,8
3187,20
3187,8
3188,20
3188,8
3189,20
3189,8
3190,20
3190,8
3191,20
3191,8
3192,20
3192,8
3193,20
3193,8
3194,20
3194,8
3195,20
3195,8
3196,20
3196,8
3197,20
3197,8
3198,20
3198,8
3199,20
3199,8
3200,20
3200,8
3201,20
3201,8
3202,20
3202,8
3203,20
3203,8
3204,20
3204,8
3205,20
3205,8
3206,20
3206,8
3207,20
3207,8
3208,20
3208,8
3209,20
3209,8
3210,20
3210,8
3211,20
3211,8
3212,20
3212,8
3213,20
3213,8
3214,20
3214,8
3215,20
3215,8
3216,20
3216,8
3217,20
3217,8
3218,20
3218,8
3219,20
3219,8
3220,20
3220,8
3221,20
3221,8
3222,20
3222,8
3223,20
3223,8
3224,20
3224,8
3225,20
3225,8
3226,20
3226,8
3227,20
3227,8
3228,20
3228,8
3229,20
3229,8
3230,20
3230,8
3231,20
3231,8
3232,20
3232,8
3233,20
3233,8
3234,20
3234,8
3235,20
3235,8
3236,20
3236,8
3237,20
3237,8
3238,20
3238,8
3239,20
3239,8
3240,20
3240,8
3241,20
3241,8
3242,20
3242,8
3243,20
3243,8
3244,20
3244,8
3245,20
3245,8
3246,20
3246,8
3247,20
3247,8
3248,20
3248,8
3249,20
3249,8
3250,20
3250,8
3251,20
3251,8
3252,20
3252,8
3253,20
3253,8
3254,20
3254,8
3255,20
3255,8
3256,20
3256,8
3257,20
3257,8
3258,20
3258,8
3259,20
3259,8
3260,20
3260,8
3261,20
3261,8
3262,20
3262,8
3263,20
3263,8
3264,20
3264,8
3265,20
3265,8
3266,20
3266,8
3267,20
3267,8
3268,20
3268,8
3269,20
3269,8
3270,20
3270,8
3271,20
3271,8
3272,20
3272,8
3273,20
3273,8
3274,20
3274,8
3275,20
3275,8
3276,20
3276,8
3277,20
3277,8
3278,20
3278,8
3279,20
3279,8
3280,20
3280,8
3281,20
3281,8
3282,20
3282,8
3283,20
3283,8
3284,20
3284,8
3285,20
3285,8
3286,20
3286,8
3287,20
3287,8
3288,20
3288,8
3289,20
3289,8
3290,20
3290,8
3291,20
3291,8
3292,20
3292,8
3293,20
3293,8
3294,20
3294,8
3295,20
3295,8
3296,20
3296,8
3297,20
3297,8
3298,20
3298,8
3299,20
3299,8
3300,20
3300,8
3301,20
3301,8
3302,20
3302,8
3303,20
3303,8
3304,20
3304,8
3305,20
3305,8
3306,20
3306,8
3307,20
3307,8
3308,20
3308,8
3309,20
3309,8
3310,20
3310,8
3311,20
3311,8
3312,20
3312,8
3313,20
3313,8
3314,20
3314,8
3315,20
3315,8
3316,20
3316,8
3317,20
3317,8
3318,20
3318,8
3319,20
3319,8
3320,20
3320,8
3321,20
3321,8
3322,20
3322,8
3323,20
3323,8
3324,20
3324,8
3325,20
3325,8
3326,20
3326,8
3327,20
3327,8
3328,20
3328,8
3329,20
3329,8
3330,20
3330,8
3331,20
3331,8
3332,20
3332,8
3333,20
3333,8
3334,20
3334,8
3335,20
3335,8
3336,20
3336,8
3337,20
3337,8
3338,20
3338,8
3339,20
3339,8
3340,20
3340,8
3341,20
3341,8
3342,20
3342,8
3343,20
3343,8
3344,20
3344,8
3345,20
3345,8
3346,20
3346,8
3347,20
3347,8
3348,20
3348,8
3349,20
3349,8
3350,20
3350,8
3351,41
3351,23
3352,41
3352,23
3353,41
3353,23
3354,41
3354,23
3355,41
3355,23
3356,41
3356,23
3357,41
3357,23
3358,41
3358,23
3359,41
3359,23
3360,41
3360,23
3361,41
3361,23
3362,41
3362,23
3363,41
3363,23
3364,41
3364,23
3365,41
3365,23
3366,41
3366,23
3367,41
3367,23
3368,41
3368,23
3369,41
3369,23
3370,41
3370,23
3371,41
3371,23
3372,41
3372,23
3373,41
3373,23
3374,41
3374,23
3375,41
3375,23
3376,41
3376,23
3377,41
3377,23
3378,41
3378,23
3379,41
3379,23
3380,41
3380,23
3381,41
3381,23
3382,41
3382,23
3383,41
3383,23
3384,41
3384,23
3385,41
3385,23
3386,41
3386,23
3387,41
3387,23
3388,41
3388,23
3389,41
3389,23
3390,41
3390,23
3391,41
3391,23
3392,41
3392,23
3393,41
3393,23
3394,41
3394,23
3395,41
3395,23
3396,41
3396,23
3397,41
3397,23
3398,41
3398,23
3399,41
3399,23
3400,41
3400,23
3401,41
3401,23
3402,41
3402,23
3403,41
3403,23
3404,41
3404,23
3405,41
3405,23
3406,41
3406,23
3407,41
3407,23
3408,41
3408,23
3409,41
3409,23
3410,41
3410,23
3411,41
3411,23
3412,41
3412,23
3413,41
3413,23
3414,41
3414,23
3415,41
3415,23
3416,41
3416,23
3417,41
3417,23
3418,41
3418,23
3419,41
3419,23
3420,41
3420,23
3421,41
3421,23
3422,41
3422,23
3423,41
3423,23
3424,41
3424,23
3425,41
3425,23
3426,41
3426,23
3427,41
3427,23
3428,41
3428,23
3429,41
3429,23
3430,41
3430,23
3431,41
3431,23
3432,41
3432,23
3433,41
3433,23
3434,41
3434,23
3435,41
3435,23
3436,41
3436,23
3437,41
3437,23
3438,41
3438,23
3439,41
3439,23
3440,41
3440,23
3441,41
3441,23
3442,41
3442,23
3443,41
3443,23
3444,41
3444,23
3445,41
3445,23
3446,41
3446,23
3447,41
3447,23
3448,41
3448,23
3449,41
3449,23
3450,41
3450,23
3451,41
3451,23
3452,41
3452,23
3453,41
3453,23
3454,41
3454,23
3455,41
3455,23
3456,41
3456,23
3457,41
3457,23
3458,41
3458,23
3459,41
3459,23
3460,41
3460,23
3461,41
3461,23
3462,41
3462,23
3463,41
3463,23
3464,41
3464,23
3465,41
3465,23
3466,41
3466,23
3467,41
3467,23
3468,41
3468,23
3469,41
3469,23
3470,41
3470,23
3471,41
3471,23
3472,41
3472,23
3473,41
3473,23
3474,41
3474,23
3475,41
3475,23
3476,41
3476,23
3477,41
3477,23
3478,41
3478,23
3479,41
3479,23
3480,41
3480,23
3481,41
3481,23
3482,41
3482,23
3483,41
3483,23
3484,41
3484,23
3485,41
3485,23
3486,41
3486,23
3487,41
3487,23
3488,41
3488,23
3489,41
3489,23
3490,41
3490,23
3491,41
3491,23
3492,41
3492,23
3493,41
3493,23
3494,41
3494,23
3495,41
3495,23
3496,41
3496,23
3497,41
3497,23
3498,41
3498,23
3499,41
3499,23
3500,41
3500,23
3501,41
3501,23
3502,41
3502,23
3503,41
3503,23
3504,41
3504,23
3505,41
3505,23
3506,41
3506,23
3507,41
3507,23
3508,41
3508,23
3509,41
3509,23
3510,41
3510,23
3511,41
3511,23
3512,41
3512,23
3513,41
3513,23
3514,41
3514,23
3515,41
3515,23
3516,41
3516,23
3517,41
3517,23
3518,41
3518,23
3519,41
3519,23
3520,41
3520,23
3521,41
3521,23
3522,41
3522,23
3523,41
3523,23
3524,41
3524,23
3525,41
3525,23
3526,41
3526,23
3527,41
3527,23
3528,41
3528,23
3529,41
3529,23
3530,41
3530,23
3531,41
3531,23
3532,41
3532,23
3533,41
3533,23
3534,41
3534,23
3535,41
3535,23
3536,41
3536,23
3537,41
3537,23
3538,41
3538,23
3539,41
3539,23
3540,41
3540,23
3541,41
3541,23
3542,41
3542,23
3543,41
3543,23
3544,41
3544,23
3545,41
3545,23
3546,41
3546,23
3547,41
3547,23
3548,41
3548,23
3549,41
3549,23
3550,41
3550,23
3551,41
3551,23
3552,41
3552,23
3553,41
3553,23
3554,41
3554,23
3555,41
3555,23
3556,41
3556,23
3557,41
3557,23
3558,41
3558,23
3559,41
3559,23
3560,41
3560,23
3561,41
3561,23
3562,41
3562,23
3563,41
3563,23
3564,41
3564,23
3565,41
3565,23
3566,41
3566,23
3567,41
3567,23
3568,41
3568,23
3569,41
3569,23
3570,41
3570,23
3571,41
3571,23
3572,41
3572,23
3573,41
3573,23
3574,41
3574,23
3575,41
3575,23
3576,41
3576,23
3577,41
3577,23
3578,41
3578,23
3579,41
3579,23
3580,41
3580,23
3581,41
3581,23
3582,41
3582,23
3583,41
3583,23
3584,41
3584,23
3585,41
3585,23
3586,41
3586,23
3587,41
3587,23
3588,41
3588,23
3589,41
3589,23
3590,41
3590,23
3591,41
3591,23
3592,41
3592,23
3593,41
3593,23
3594,41
3594,23
3595,41
3595,23
3596,41
3596,23
3597,41
3597,23
3598,41
3598,23
3599,41
3599,23
3600,41
3600,23
3601,11
3601,39
3601,35
3602,11
3602,39
3602,35
3603,11
3603,39
3603,35
3604,11
3604,39
3604,35
3605,11
3605,39
3605,35
3606,11
3606,39
3606,35
3607,11
3607,39
3607,35
3608,11
3608,39
3608,35
3609,11
3609,39
3609,35
3610,11
3610,39
3610,35
3611,11
3611,39
3611,35
3612,11
3612,39
3612,35
3613,11
3613,39
3613,35
3614,11
3614,39
3614,35
3615,11
3615,39
3615,35
3616,11
3616,39
3616,35
3617,11
3617,39
3617,35
3618,11
3618,39
3618,35
3619,11
3619,39
3619,35
3620,11
3620,39
3620,35
3621,11
3621,39
3621,35
3622,11
3622,39
3622,35
3623,11
3623,39
3623,35
3624,11
3624,39
3624,35
3625,11
3625,39
3625,35
3626,11
3626,39
3626,35
3627,11
3627,39
3627,35
3628,11
3628,39
3628,35
3629,11
3629,39
3629,35
3630,11
3630,39
3630,35
3631,11
3631,39
3631,35
3632,11
3632,39
3632,35
3633,11
3633,39
3633,35
3634,11
3634,39
3634,35
3635,11
3635,39
3635,35
3636,11
3636,39
3636,35
3637,11
3637,39
3637,35
3638,11
3638,39
3638,35
3639,11
3639,39
3639,35
3640,11
3640,39
3640,35
3641,11
3641,39
3641,35
3642,11
3642,39
3642,35
3643,11
3643,39
3643,35
3644,11
3644,39
3644,35
3645,11
3645,39
3645,35
3646,11
3646,39
3646,35
3647,11
3647,39
3647,35
3648,11
3648,39
3648,35
3649,11
3649,39
3649,35
3650,11
3650,39
3650,35
3651,11
3651,39
3651,35
3652,11
3652,39
3652,35
3653,11
3653,39
3653,35
3654,11
3654,39
3654,35
3655,11
3655,39
3655,35
3656,11
3656,39
3656,35
3657,11
3657,39
3657,35
3658,11
3658,39
3658,35
3659,11
3659,39
3659,35
3660,11
3660,39
3660,35
3661,11
3661,39
3661,35
3662,11
3662,39
3662,35
3663,11
3663,39
3663,35
3664,11
3664,39
3664,35
3665,11
3665,39
3665,35
3666,11
3666,39
3666,35
3667,11
3667,39
3667,35
3668,11
3668,39
3668,35
3669,11
3669,39
3669,35
3670,11
3670,39
3670,35
3671,11
3671,39
3671,35
3672,11
3672,39
3672,35
3673,11
3673,39
3673,35
3674,11
3674,39
3674,35
3675,11
3675,39
3675,35
3676,11
3676,39
3676,35
3677,11
3677,39
3677,35
3678,11
3678,39
3678,35
3679,11
3679,39
3679,35
3680,11
3680,39
3680,35
3681,11
3681,39
3681,35
3682,11
3682,39
3682,35
3683,11
3683,39
3683,35
3684,11
3684,39
3684,35
3685,11
3685,39
3685,35
3686,11
3686,39
3686,35
3687,11
3687,39
3687,35
3688,11
3688,39
3688,35
3689,11
3689,39
3689,35
3690,11
3690,39
3690,35
3691,11
3691,39
3691,35
3692,11
3692,39
3692,35
3693,11
3693,39
3693,35
3694,11
3694,39
3694,35
3695,11
3695,39
3695,35
3696,11
3696,39
3696,35
3697,11
3697,39
3697,35
3698,11
3698,39
3698,35
3699,11
3699,39
3699,35
3700,11
3700,39
3700,35
3701,11
3701,39
3701,35
3702,11
3702,39
3702,35
3703,11
3703,39
3703,35
3704,11
3704,39
3704,35
3705,11
3705,39
3705,35
3706,11
3706,39
3706,35
3707,11
3707,39
3707,35
3708,11
3708,39
3708,35
3709,11
3709,39
3709,35
3710,11
3710,39
3710,35
3711,12
3711,39
3712,12
3712,39
3713,12
3713,39
3714,12
3714,39
3715,12
3715,39
3716,12
3716,39
3717,12
3717,39
3718,12
3718,39
3719,12
3719,39
3720,12
3720,39
3721,12
3721,39
3722,12
3722,39
3723,12
3723,39
3724,12
3724,39
3725,12
3725,39
3726,12
3726,39
3727,12
3727,39
3728,12
3728,39
3729,12
3729,39
3730,12
3730,39
3731,12
3731,39
3732,12
3732,39
3733,12
3733,39
3734,12
3734,39
3735,12
3735,39
3736,12
3736,39
3737,12
3737,39
3738,12
3738,39
3739,12
3739,39
3740,12
3740,39
3741,12
3741,39
3742,12
3742,39
3743,12
3743,39
3744,12
3744,39
3745,12
3745,39
3746,12
3746,39
3747,12
3747,39
3748,12
3748,39
3749,12
3749,39
3750,12
3750,39
3751,12
3751,39
3752,12
3752,39
3753,12
3753,39
3754,12
3754,39
3755,12
3755,39
3756,12
3756,39
3757,12
3757,39
3758,12
3758,39
3759,12
3759,39
3760,12
3760,39
3761,12
3761,39
3762,12
3762,39
3763,12
3763,39
3764,12
3764,39
3765,12
3765,39
3766,12
3766,39
3767,12
3767,39
3768,12
3768,39
3769,12
3769,39
3770,12
3770,39
3771,12
3771,39
3772,12
3772,39
3773,12
3773,39
3774,12
3774,39
3775,12
3775,39
3776,12
3776,39
3777,12
3777,39
3778,12
3778,39
3779,12
3779,39
3780,12
3780,39
3781,12
3781,39
3782,12
3782,39
3783,12
3783,39
3784,12
3784,39
3785,12
3785,39
3786,12
3786,39
3787,12
3787,39
3788,12
3788,39
3789,12
3789,39
3790,12
3790,39
3791,12
3791,39
3792,12
3792,39
3793,12
3793,39
3794,12
3794,39
3795,12
3795,39
3796,12
3796,39
3797,12
3797,39
3798,12
3798,39
3799,12
3799,39
3800,12
3800,39
3801,12
3801,39
3802,12
3802,39
3803,12
3803,39
3804,12
3804,39
3805,12
3805,39
3806,12
3806,39
3807,12
3807,39
3808,12
3808,39
3809,12
3809,39
3810,12
3810,39
3811,12
3811,39
3812,12
3812,39
3813,12
3813,39
3814,12
3814,39
3815,12
3815,39
3816,12
3816,39
3817,12
3817,39
3818,12
3818,39
3819,12
3819,39
3820,12
3820,39
3821,12
3821,39
3822,12
3822,39
3823,12
3823,39
3824,12
3824,39
3825,12
3825,39
3826,12
3826,39
3827,12
3827,39
3828,12
3828,39
3829,12
3829,39
3830,12
3830,39
3831,12
3831,39
3832,12
3832,39
3833,12
3833,39
3834,12
3834,39
3835,12
3835,39
3836,12
3836,39
3837,12
3837,39
3838,12
3838,39
3839,12
3839,39
3840,12
3840,39
3841,12
3841,39
3842,12
3842,39
3843,12
3843,39
3844,12
3844,39
3845,12
3845,39
3846,12
3846,39
3847,12
3847,39
3848,12
3848,39
3849,12
3849,39
3850,12
3850,39
3851,12
3851,39
3852,12
3852,39
3853,12
3853,39
3854,12
3854,39
3855,12
3855,39
3856,12
3856,39
3857,12
3857,39
3858,12
3858,39
3859,12
3859,39
3860,12
3860,39
3861,12
3861,39
3862,12
3862,39
3863,12
3863,39
3864,12
3864,39
3865,12
3865,39
3866,12
3866,39
3867,12
3867,39
3868,12
3868,39
3869,12
3869,39
3870,12
3870,39
3871,12
3871,39
3872,12
3872,39
3873,12
3873,39
3874,12
3874,39
3875,12
3875,39
3876,12
3876,39
3877,12
3877,39
3878,12
3878,39
3879,12
3879,39
3880,12
3880,39
3881,12
3881,39
3882,12
3882,39
3883,12
3883,39
3884,12
3884,39
3885,12
3885,39
3886,12
3886,39
3887,12
3887,39
3888,12
3888,39
3889,12
3889,39
3890,12
3890,39
3891,12
3891,39
3892,12
3892,39
3893,12
3893,39
3894,12
3894,39
3895,12
3895,39
3896,12
3896,39
3897,12
3897,39
3898,12
3898,39
3899,12
3899,39
3900,12
3900,39
3901,12
3901,39
3902,12
3902,39
3903,12
3903,39
3904,12
3904,39
3905,12
3905,39
3906,12
3906,39
3907,12
3907,39
3908,12
3908,39
3909,12
3909,39
3910,12
3910,39
3911,16
3911,9
3911,49
3912,16
3912,9
3912,49
3913,16
3913,9
3913,49
3914,16
3914,9
3914,49
3915,16
3915,9
3915,49
3916,16
3916,9
3916,49
3917,16
3917,9
3917,49
3918,16
3918,9
3918,49
3919,16
3919,9
3919,49
3920,16
3920,9
3920,49
3921,16
3921,9
3921,49
3922,16
3922,9
3922,49
3923,16
3923,9
3923,49
3924,16
3924,9
3924,49
3925,16
3925,9
3925,49
3926,16
3926,9
3926,49
3927,16
3927,9
3927,49
3928,16
3928,9
3928,49
3929,16
3929,9
3929,49
3930,16
3930,9
3930,49
3931,16
3931,9
3931,49
3932,16
3932,9
3932,49
3933,16
3933,9
3933,49
3934,16
3934,9
3934,49
3935,16
3935,9
3935,49
3936,16
3936,9
3936,49
3937,16
3937,9
3937,49
3938,16
3938,9
3938,49
3939,16
3939,9
3939,49
3940,16
3940,9
3940,49
3941,16
3941,9
3941,49
3942,16
3942,9
3942,49
3943,16
3943,9
3943,49
3944,16
3944,9
3944,49
3945,16
3945,9
3945,49
3946,16
3946,9
3946,49
3947,16
3947,9
3947,49
3948,16
3948,9
3948,49
3949,16
3949,9
3949,49
3950,16
3950,9
3950,49
3951,16
3951,9
3951,49
3952,16
3952,9
3952,49
3953,16
3953,9
3953,49
3954,16
3954,9
3954,49
3955,16
3955,9
3955,49
3956,16
3956,9
3956,49
3957,16
3957,9
3957,49
3958,16
3958,9
3958,49
3959,16
3959,9
3959,49
3960,16
3960,9
3960,49
3961,16
3961,9
3961,49
3962,16
3962,9
3962,49
3963,16
3963,9
3963,49
3964,16
3964,9
3964,49
3965,16
3965,9
3965,49
3966,16
3966,9
3966,49
3967,16
3967,9
3967,49
3968,16
3968,9
3968,49
3969,16
3969,9
3969,49
3970,16
3970,9
3970,49
3971,16
3971,9
3971,49
3972,16
3972,9
3972,49
3973,16
3973,9
3973,49
3974,16
3974,9
3974,49
3975,16
3975,9
3975,49
3976,16
3976,9
3976,49
3977,16
3977,9
3977,49
3978,16
3978,9
3978,49
3979,16
3979,9
3979,49
3980,16
3980,9
3980,49
3981,16
3981,9
3981,49
3982,16
3982,9
3982,49
3983,16
3983,9
3983,49
3984,16
3984,9
3984,49
3985,16
3985,9
3985,49
3986,16
3986,9
3986,49
3987,16
3987,9
3987,49
3988,16
3988,9
3988,49
3989,16
3989,9
3989,49
3990,16
3990,9
3990,49
3991,16
3991,9
3991,49
3992,16
3992,9
3992,49
3993,16
3993,9
3993,49
3994,16
3994,9
3994,49
3995,16
3995,9
3995,49
3996,16
3996,9
3996,49
3997,16
3997,9
3997,49
3998,16
3998,9
3998,49
3999,16
3999,9
3999,49
4000,16
4000,9
4000,49
4001,16
4001,9
4001,49
4002,16
4002,9
4002,49
4003,16
4003,9
4003,49
4004,16
4004,9
4004,49
4005,16
4005,9
4005,49
4006,16
4006,9
4006,49
4007,16
4007,9
4007,49
4008,16
4008,9
4008,49
4009,16
4009,9
4009,49
4010,16
4010,9
4010,49
4011,21
4011,39
4012,21
4012,39
4013,21
4013,39
4014,21
4014,39
4015,21
4015,39
4016,21
4016,39
4017,21
4017,39
4018,21
4018,39
4019,21
4019,39
4020,21
4020,39
4021,21
4021,39
4022,21
4022,39
4023,21
4023,39
4024,21
4024,39
4025,21
4025,39
4026,21
4026,39
4027,21
4027,39
4028,21
4028,39
4029,21
4029,39
4030,21
4030,39
4031,21
4031,39
4032,21
4032,39
4033,21
4033,39
4034,21
4034,39
4035,21
4035,39
4036,21
4036,39
4037,21
4037,39
4038,21
4038,39
4039,21
4039,39
4040,21
4040,39
4041,21
4041,39
4042,21
4042,39
4043,21
4043,39
4044,21
4044,39
4045,21
4045,39
4046,21
4046,39
4047,21
4047,39
4048,21
4048,39
4049,21
4049,39
4050,21
4050,39
4051,21
4051,39
4052,21
4052,39
4053,21
4053,39
4054,21
4054,39
4055,21
4055,39
4056,21
4056,39
4057,21
4057,39
4058,21
4058,39
4059,21
4059,39
4060,21
4060,39
4061,21
4061,39
4062,21
4062,39
4063,21
4063,39
4064,21
4064,39
4065,21
4065,39
4066,21
4066,39
4067,21
4067,39
4068,21
4068,39
4069,21
4069,39
4070,21
4070,39
4071,21
4071,39
4072,21
4072,39
4073,21
4073,39
4074,21
4074,39
4075,21
4075,39
4076,21
4076,39
4077,21
4077,39
4078,21
4078,39
4079,21
4079,39
4080,21
4080,39
4081,21
4081,39
4082,21
4082,39
4083,21
4083,39
4084,21
4084,39
4085,21
4085,39
4086,21
4086,39
4087,21
4087,39
4088,21
4088,39
4089,21
4089,39
4090,21
4090,39
4091,21
4091,39
4092,21
4092,39
4093,21
4093,39
4094,21
4094,39
4095,21
4095,39
4096,21
4096,39
4097,21
4097,39
4098,21
4098,39
4099,21
4099,39
4100,21
4100,39
4101,21
4101,39
4102,21
4102,39
4103,21
4103,39
4104,21
4104,39
4105,21
4105,39
4106,21
4106,39
4107,21
4107,39
4108,21
4108,39
4109,21
4109,39
4110,21
4110,39
4111,21
4111,39
4112,21
4112,39
4113,21
4113,39
4114,21
4114,39
4115,21
4115,39
4116,21
4116,39
4117,21
4117,39
4118,21
4118,39
4119,21
4119,39
4120,21
4120,39
4121,21
4121,39
4122,21
4122,39
4123,21
4123,39
4124,21
4124,39
4125,21
4125,39
4126,21
4126,39
4127,21
4127,39
4128,21
4128,39
4129,21
4129,39
4130,21
4130,39
4131,1
4131,24
4131,25
4131,27
4131,12
4132,33
4132,25
4132,14
4132,11
4132,30
4132,31
4133,33
4133,25
4133,14
4133,11
4133,30
4133,31
4134,33
4134,25
4134,14
4134,11
4134,30
4134,31
4135,36
4135,46
4135,33
4135,17
4135,14
4135,20
4136,36
4136,46
4136,33
4136,17
4136,14
4136,20
4137,36
4137,46
4137,33
4137,17
4137,14
4137,20
4138,36
4138,26
4138,42
4138,29
4138,20
4138,23
4139,36
4139,26
4139,42
4139,29
4139,20
4139,23
4140,36
4140,26
4140,42
4140,29
4140,20
4140,23
4141,39
4141,7
4141,13
4141,48
4141,17
4142,39
4142,7
4142,13
4142,48
4142,17
4143,39
4143,7
4143,13
4143,48
4143,17
4144,22
4144,44
4144,47
4144,5
4144,43
4144,7
4145,27
4145,12
4145,18
4145,9
4145,19
4146,17
4146,1
4146,47
4146,36
4146,43
4146,41
4147,17
4147,1
4147,47
4147,36
4147,43
4147,41
4148,40
4148,8
4148,46
4148,22
4148,52
4148,25
4149,40
4149,8
4149,46
4149,22
4149,52
4149,25
4150,40
4150,8
4150,46
4150,22
4150,52
4150,25
4151,13
4151,7
4151,9
4151,52
4151,46
4151,22
4152,13
4152,7
4152,9
4152,52
4152,46
4152,22
4153,6
4153,35
4153,15
4153,51
4153,43
4154,6
4154,35
4154,15
4154,51
4154,43
4155,36
4155,2
4155,50
4155,52
4155,33
4155,20
4156,36
4156,2
4156,50
4156,52
4156,33
4156,20
4157,45
4157,17
4157,53
4157,13
4157,2
4157,14
4158,45
4158,17
4158,53
4158,13
4158,2
4158,14
4159,18
4159,14
4159,6
4159,52
4159,21
4159,20
4160,27
4160,42
4160,1
4160,29
4160,40
4160,6
4161,27
4161,42
4161,1
4161,29
4161,40
4161,6
4162,37
4162,34
4162,2
4162,35
4162,18
4162,31
4163,37
4163,34
4163,2
4163,35
4163,18
4163,31
4164,37
4164,34
4164,2
4164,35
4164,18
4164,31
4165,12
4165,51
4165,40
4165,30
4165,7
4166,12
4166,51
4166,40
4166,30
4166,7
4167,35
4167,53
4167,11
4167,36
4167,51
4168,5
4168,4
4168,26
4168,18
4168,44
4168,14
4169,26
4169,5
4169,49
4169,53
4169,47
4169,30
4170,24
4170,44
4170,53
4170,42
4171,24
4171,44
4171,53
4171,42
4172,33
4172,19
4172,3
4172,32
4173,33
4173,19
4173,3
4173,32
4174,33
4174,19
4174,3
4174,32
4175,34
4175,6
4175,29
4175,11
4176,37
4176,6
4176,47
4176,5
4177,37
4177,6
4177,47
4177,5
4178,36
4178,50
4178,29
4178,48
4179,36
4179,50
4179,29
4179,48
4180,36
4180,50
4180,29
4180,48
4181,28
4181,21
4181,40
4181,13
4182,28
4182,21
4182,40
4182,13
4183,28
4183,21
4183,40
4183,13
4184,18
4184,25
4184,27
4184,31
4185,18
4185,25
4185,27
4185,31
4186,18
4186,25
4186,27
4186,31
4187,9
4187,10
4187,47
4187,3
4188,33
4188,28
4188,14
4188,29
4189,33
4189,28
4189,14
4189,29
4190,33
4190,28
4190,14
4190,29
4191,47
4191,18
4191,49
4192,46
4192,32
4192,4
4192,27
4193,46
4193,32
4193,4
4193,27
4194,26
4194,34
4194,8
4194,36
4195,11
4195,21
4195,44
4195,37
4196,2
4196,52
4196,4
4196,40
4197,2
4197,52
4197,4
4197,40
4198,2
4198,52
4198,4
4198,40
4199,19
4199,36
4199,33
4199,17
4200,19
4200,36
4200,33
4200,17
4201,47
4201,35
4201,13
4202,47
4202,35
4202,13
4203,15
4203,17
4203,32
4203,43
4204,52
4204,9
4204,39
4205,10
4205,20
4205,40
4205,42
4206,10
4206,20
4206,40
4206,42
4207,51
4207,42
4207,52
4207,8
4208,1
4208,16
4208,37
4208,8
4209,30
4209,26
4209,36
4209,47
4210,30
4210,26
4210,36
4210,47
4211,30
4211,26
4211,36
4211,47
4212,38
4212,25
4212,44
4212,6
4213,38
4213,25
4213,44
4213,6
4214,38
4214,25
4214,44
4214,6
4215,11
4215,14
4215,45
4215,9
4216,11
4216,14
4216,45
4216,9
4217,11
4217,14
4217,45
4217,9
